Timestamp,User Count,Type,Name,Requests/s,Failures/s,50%,66%,75%,80%,90%,95%,98%,99%,99.9%,99.99%,100%,Total Request Count,Total Failure Count,Total Median Response Time,Total Average Response Time,Total Min Response Time,Total Max Response Time,Total Average Content Size
1791479782,0,,Aggregated,0.000000,0.000000,N/A,N/A,N/A,N/A,N/A,N/A,N/A,N/A,N/A,N/A,N/A,0,0,0,0.0,0,0,0
1791479783,10,,Aggregated,0.000000,0.000000,N/A,N/A,N/A,N/A,N/A,N/A,N/A,N/A,N/A,N/A,N/A,0,0,0,0.0,0,0,0
1791479784,30,,Aggregated,0.000000,0.000000,N/A,N/A,N/A,N/A,N/A,N/A,N/A,N/A,N/A,N/A,N/A,0,0,0,0.0,0,0,0
1791479785,40,,Aggregated,0.000000,0.000000,N/A,N/A,N/A,N/A,N/A,N/A,N/A,N/A,N/A,N/A,N/A,0,0,0,0.0,0,0,0
1791479786,50,,Aggregated,0.000000,0.000000,3500,3500,3500,3500,3500,3500,3500,3500,3500,3500,3500,1,0,3539.4193999818526,3539.4193999818526,3539.4193999818526,3539.4193999818526,4110.0
1791479787,60,,Aggregated,0.000000,0.000000,4900,4900,4900,4900,4900,4900,4900,4900,4900,4900,4900,2,0,4871.407099999487,4205.41324999067,3539.4193999818526,4871.407099999487,4110.0
1791479788,70,,Aggregated,0.000000,0.000000,4900,4900,4900,4900,4900,4900,4900,4900,4900,4900,4900,2,0,4871.407099999487,4205.41324999067,3539.4193999818526,4871.407099999487,4110.0
1791479789,80,,Aggregated,0.250000,0.000000,4900,4900,6200,6200,6200,6200,6200,6200,6200,6200,6200,3,0,4900,4864.6826999999275,3539.4193999818526,6183.221600018442,4093.0
1791479790,90,,Aggregated,0.400000,0.000000,6200,6200,7500,7500,7500,7500,7500,7500,7500,7500,7500,4,0,6200,5515.82960000087,3539.4193999818526,7469.2703000037,3713.5
1791479791,100,,Aggregated,0.333333,0.000000,6200,7500,7500,8800,8800,8800,8800,8800,8800,8800,8800,5,0,6200,6178.825780004263,3539.4193999818526,8830.810500017833,3486.2
1791479792,100,,Aggregated,0.500000,0.000000,7500,7500,8800,8800,10000,10000,10000,10000,10000,10000,10000,6,0,7500,6823.423533336609,3539.4193999818526,10046.412299998337,3833.0
1791479793,100,,Aggregated,0.500000,0.000000,7500,7500,8800,8800,10000,10000,10000,10000,10000,10000,10000,6,0,7500,6823.423533336609,3539.4193999818526,10046.412299998337,3833.0
1791479794,100,,Aggregated,0.555556,0.000000,7500,8800,10000,10000,11000,11000,11000,11000,11000,11000,11000,7,0,7500,7467.0130714325105,3539.4193999818526,11328.550300007919,3653.5714285714284
1791479795,100,,Aggregated,0.500000,0.000000,8800,10000,11000,11000,13000,13000,13000,13000,13000,13000,13000,8,0,8800,8105.3637500044715,3539.4193999818526,12573.818500008201,3704.25
1791479796,100,,Aggregated,0.600000,0.000000,8800,10000,11000,13000,14000,14000,14000,14000,14000,14000,14000,9,0,8800,8749.648766669756,3539.4193999818526,13903.928899992025,3749.3333333333335
1791479797,100,,Aggregated,0.600000,0.000000,8800,10000,11000,13000,14000,14000,14000,14000,14000,14000,14000,9,0,8800,8749.648766669756,3539.4193999818526,13903.928899992025,3749.3333333333335
1791479798,100,,Aggregated,0.800000,0.000000,10000,11000,13000,14000,15000,15000,15000,15000,15000,15000,15000,10,0,10000,9391.496530003496,3539.4193999818526,15168.126400007168,3632.1
1791479799,100,,Aggregated,0.800000,0.000000,10000,13000,14000,14000,15000,15000,15000,15000,15000,15000,15000,11,0,10000,9943.097509094514,3539.4193999818526,15459.107300004689,3675.5454545454545
1791479800,100,,Aggregated,0.700000,0.000000,11000,13000,15000,15000,15000,17000,17000,17000,17000,17000,17000,12,0,11000,10507.400983338206,3539.4193999818526,16714.739200018812,3711.75
1791479801,100,,Aggregated,0.800000,0.000000,11000,14000,15000,15000,17000,18000,18000,18000,18000,18000,18000,13,0,11000,11081.704953848832,3539.4193999818526,17973.35259997635,3624.6153846153848
1791479802,100,,Aggregated,0.800000,0.000000,11000,14000,15000,15000,17000,18000,18000,18000,18000,18000,18000,13,0,11000,11081.704953848832,3539.4193999818526,17973.35259997635,3624.6153846153848
1791479803,100,,Aggregated,0.800000,0.000000,13000,15000,15000,17000,18000,19000,19000,19000,19000,19000,19000,14,0,13000,11668.541585716801,3539.4193999818526,19297.417800000403,3659.285714285714
1791479804,100,,Aggregated,0.700000,0.000000,13000,15000,17000,18000,19000,21000,21000,21000,21000,21000,21000,15,0,13000,12262.748386668196,3539.4193999818526,20581.64359998773,3689.3333333333335
1791479805,100,,Aggregated,0.800000,0.000000,14000,15000,18000,18000,21000,22000,22000,22000,22000,22000,22000,16,0,14000,12862.18944375105,3539.4193999818526,21853.805299993837,3617.8125
1791479806,100,,Aggregated,0.800000,0.000000,14000,17000,18000,19000,22000,23000,23000,23000,23000,23000,23000,17,0,14000,13467.715982352864,3539.4193999818526,23156.14059998188,3646.764705882353
1791479807,100,,Aggregated,0.800000,0.000000,14000,17000,18000,19000,22000,23000,23000,23000,23000,23000,23000,17,0,14000,13467.715982352864,3539.4193999818526,23156.14059998188,3646.764705882353
1791479808,100,,Aggregated,0.800000,0.000000,15000,17000,19000,21000,23000,24000,24000,24000,24000,24000,24000,18,0,15000,14074.690161111195,3539.4193999818526,24393.25120000285,3587.222222222222
1791479809,100,,Aggregated,0.700000,0.000000,15000,18000,21000,22000,24000,26000,26000,26000,26000,26000,26000,19,0,15000,14677.256021052783,3539.4193999818526,25523.441500001354,3694.8947368421054
1791479810,100,,Aggregated,0.800000,0.000000,15000,19000,22000,23000,26000,27000,27000,27000,27000,27000,27000,20,0,15000,15282.914109999547,3539.4193999818526,26790.417799988063,3639.1
1791479811,100,,Aggregated,0.800000,0.000000,15000,19000,22000,23000,26000,27000,27000,27000,27000,27000,27000,21,1,15000,15821.671052381307,3539.4193999818526,26790.417799988063,56020.23809523809
1791479812,100,,Aggregated,0.800000,0.000000,17000,21000,23000,24000,27000,27000,28000,28000,28000,28000,28000,22,1,17000,16370.39601363755,3539.4193999818526,27893.62020001863,53660.681818181816
1791479813,100,,Aggregated,0.900000,0.100000,17000,22000,24000,26000,27000,28000,29000,29000,29000,29000,29000,23,1,17000,16925.756265218217,3539.4193999818526,29143.68179999292,51506.30434782609
1791479814,100,,Aggregated,0.900000,0.100000,18000,22000,26000,27000,28000,29000,30000,30000,30000,30000,30000,24,2,18000,17468.43634166847,3539.4193999818526,29950.078100024257,95345.83333333333
1791479815,100,,Aggregated,0.900000,0.100000,18000,22000,26000,27000,28000,29000,30000,30000,30000,30000,30000,24,2,18000,17468.43634166847,3539.4193999818526,29950.078100024257,95345.83333333333
1791479816,100,,Aggregated,0.800000,0.100000,18000,23000,26000,27000,29000,30000,31000,31000,31000,31000,31000,25,2,18000,18022.09832800203,3539.4193999818526,31309.986000007484,91634.92
1791479817,100,,Aggregated,0.800000,0.100000,19000,24000,27000,27000,30000,31000,33000,33000,33000,33000,33000,26,2,19000,18581.338065386473,3539.4193999818526,32562.331499997526,88327.23076923077
1791479818,100,,Aggregated,0.900000,0.200000,19000,24000,27000,28000,31000,33000,34000,34000,34000,34000,34000,27,2,19000,19150.865514816596,3539.4193999818526,33958.579199999804,85208.07407407407
1791479819,100,,Aggregated,0.900000,0.200000,21000,26000,28000,29000,33000,34000,35000,35000,35000,35000,35000,28,2,21000,19725.469142858597,3539.4193999818526,35239.767099992605,82311.71428571429
1791479820,100,,Aggregated,0.900000,0.200000,21000,26000,28000,29000,33000,34000,35000,35000,35000,35000,35000,28,2,21000,19725.469142858597,3539.4193999818526,35239.767099992605,82311.71428571429
1791479821,100,,Aggregated,0.800000,0.200000,21000,27000,28000,30000,34000,35000,37000,37000,37000,37000,37000,29,2,21000,20307.119765518644,3539.4193999818526,36593.33719999995,79615.10344827586
1791479822,100,,Aggregated,0.800000,0.200000,22000,27000,29000,31000,35000,37000,38000,38000,38000,38000,38000,30,2,22000,20892.519713334816,3539.4193999818526,37869.11820000387,77098.26666666666
1791479823,100,,Aggregated,0.800000,0.100000,22000,27000,30000,31000,35000,38000,38000,38000,38000,38000,38000,31,2,22000,21448.389625807682,3539.4193999818526,38124.48699999368,74694.35483870968
1791479824,100,,Aggregated,0.800000,0.100000,22000,27000,30000,31000,35000,38000,38000,38000,38000,38000,38000,31,2,22000,21448.389625807682,3539.4193999818526,38124.48699999368,74694.35483870968
1791479825,100,,Aggregated,0.800000,0.100000,23000,28000,31000,33000,37000,38000,39000,39000,39000,39000,39000,32,2,23000,22009.689246876405,3539.4193999818526,39409.97750000679,72488.59375
1791479826,100,,Aggregated,0.800000,0.100000,23000,28000,31000,34000,38000,39000,41000,41000,41000,41000,41000,33,2,23000,22575.663542426122,3539.4193999818526,40686.84100001701,70462.72727272728
1791479827,100,,Aggregated,0.800000,0.100000,24000,29000,33000,35000,38000,41000,41000,41000,41000,41000,41000,34,3,24000,23130.57922647225,3539.4193999818526,41442.79679999454,100850.38235294117
1791479828,100,,Aggregated,0.800000,0.000000,24000,30000,34000,37000,39000,41000,43000,43000,43000,43000,43000,35,3,24000,23688.130714286985,3539.4193999818526,42644.8812999879,98129.88571428572
1791479829,100,,Aggregated,0.800000,0.100000,26000,30000,35000,37000,41000,43000,44000,44000,44000,44000,44000,36,3,26000,24254.8695166681,3539.4193999818526,44090.727600007085,95518.22222222222
1791479830,100,,Aggregated,0.800000,0.100000,26000,30000,35000,37000,41000,43000,44000,44000,44000,44000,44000,36,3,26000,24254.8695166681,3539.4193999818526,44090.727600007085,95518.22222222222
1791479831,100,,Aggregated,0.900000,0.100000,26000,31000,35000,38000,41000,44000,46000,46000,46000,46000,46000,37,3,26000,24833.222521623167,3539.4193999818526,45653.93070000573,93006.35135135135
1791479832,100,,Aggregated,0.800000,0.100000,27000,33000,37000,38000,43000,46000,47000,47000,47000,47000,47000,38,3,27000,25413.724081580815,3539.4193999818526,46892.281800013734,90626.23684210527
1791479833,100,,Aggregated,0.800000,0.100000,27000,33000,38000,39000,44000,47000,48000,48000,48000,48000,48000,39,3,27000,25996.46161538653,3539.4193999818526,48140.48790000379,88407.8717948718
1791479834,100,,Aggregated,0.800000,0.100000,27000,34000,38000,41000,46000,48000,49000,49000,49000,49000,49000,40,3,27000,26578.457317502034,3539.4193999818526,49276.2897000066,86338.55
1791479835,100,,Aggregated,0.800000,0.100000,27000,34000,38000,41000,46000,48000,49000,49000,49000,49000,49000,40,3,27000,26578.457317502034,3539.4193999818526,49276.2897000066,86338.55
1791479836,100,,Aggregated,0.800000,0.100000,27000,35000,38000,41000,46000,48000,50000,50000,50000,50000,50000,41,3,27000,27139.52853414869,3539.4193999818526,49582.37720001489,84331.46341463414
1791479837,100,,Aggregated,0.800000,0.100000,28000,35000,39000,41000,47000,49000,51000,51000,51000,51000,51000,42,3,28000,27704.67418809754,3539.4193999818526,50875.646000000415,82384.92857142857
1791479838,100,,Aggregated,0.800000,0.100000,28000,37000,41000,43000,48000,50000,52000,52000,52000,52000,52000,43,3,28000,28273.834709304138,3539.4193999818526,52178.57659998117,80528.93023255814
1791479839,100,,Aggregated,0.800000,0.000000,29000,38000,41000,44000,49000,51000,53000,53000,53000,53000,53000,44,3,29000,28845.39683409226,3539.4193999818526,53422.56819998147,78790.97727272728
1791479840,100,,Aggregated,0.800000,0.000000,29000,38000,41000,44000,49000,51000,53000,53000,53000,53000,53000,44,3,29000,28845.39683409226,3539.4193999818526,53422.56819998147,78790.97727272728
1791479841,100,,Aggregated,0.700000,0.000000,29000,38000,41000,46000,50000,52000,55000,55000,55000,55000,55000,45,3,29000,29419.181448890595,3539.4193999818526,54665.704500017455,77165.28888888888
1791479842,100,,Aggregated,0.800000,0.000000,30000,38000,43000,46000,51000,53000,56000,56000,56000,56000,56000,46,3,30000,29995.18543913196,3539.4193999818526,55915.36499999347,75577.13043478261
1791479843,100,,Aggregated,0.800000,0.000000,30000,39000,44000,47000,52000,55000,57000,57000,57000,57000,57000,47,3,30000,30573.730253193407,3539.4193999818526,57186.79170001997,74088.0
1791479844,100,,Aggregated,0.800000,0.000000,30000,39000,44000,47000,52000,55000,57000,57000,57000,57000,57000,47,3,30000,30573.730253193407,3539.4193999818526,57186.79170001997,74088.0
1791479845,100,,Aggregated,0.700000,0.000000,31000,39000,46000,48000,53000,56000,59000,59000,59000,59000,59000,48,3,31000,31156.221402085674,3539.4193999818526,58533.30540002207,72630.125
1791479846,100,,Aggregated,0.800000,0.000000,31000,41000,46000,49000,55000,57000,60000,60000,60000,60000,60000,49,3,31000,31742.591559186065,3539.4193999818526,59888.35910000489,71231.75510204081
1791479847,100,,Aggregated,0.800000,0.000000,33000,41000,47000,50000,56000,59000,61000,61000,61000,61000,61000,50,3,33000,32330.360122002312,3539.4193999818526,61131.01969999843,69858.66
1791479848,100,,Aggregated,0.800000,0.000000,33000,41000,48000,50000,56000,60000,61000,61000,61000,61000,61000,51,3,33000,32899.118590198326,3539.4193999818526,61337.0419999992,68539.41176470589
1791479849,100,,Aggregated,0.800000,0.000000,33000,41000,48000,50000,56000,60000,61000,61000,61000,61000,61000,51,3,33000,32899.118590198326,3539.4193999818526,61337.0419999992,68539.41176470589
1791479850,100,,Aggregated,0.700000,0.000000,34000,43000,49000,51000,57000,61000,61000,63000,63000,63000,63000,52,3,34000,33468.764451925104,3539.4193999818526,62520.70339999045,67329.71153846153
1791479851,100,,Aggregated,0.800000,0.000000,34000,43000,49000,52000,59000,61000,63000,64000,64000,64000,64000,53,3,34000,34040.65210943578,3539.4193999818526,63778.810299991164,66136.88679245283
1791479852,100,,Aggregated,0.800000,0.000000,35000,44000,50000,53000,60000,63000,64000,65000,65000,65000,65000,54,3,35000,34615.57916296469,3539.4193999818526,65086.71299999696,64959.851851851854
1791479853,100,,Aggregated,0.800000,0.000000,35000,46000,51000,55000,61000,64000,65000,66000,66000,66000,66000,55,3,35000,35192.01475091078,3539.4193999818526,66319.53649999923,63853.490909090906
1791479854,100,,Aggregated,0.800000,0.000000,35000,46000,51000,55000,61000,64000,65000,66000,66000,66000,66000,55,3,35000,35192.01475091078,3539.4193999818526,66319.53649999923,63853.490909090906
1791479855,100,,Aggregated,0.800000,0.000000,37000,46000,52000,55000,61000,65000,66000,68000,68000,68000,68000,56,3,37000,35772.33652857311,3539.4193999818526,67690.03430000157,62759.232142857145
1791479856,100,,Aggregated,0.800000,0.000000,37000,47000,52000,56000,63000,66000,68000,69000,69000,69000,69000,57,3,37000,36352.4685649139,3539.4193999818526,68839.86259999801,61757.01754385965
1791479857,100,,Aggregated,0.800000,0.000000,38000,48000,53000,57000,64000,68000,69000,70000,70000,70000,70000,58,3,38000,36933.84756896733,3539.4193999818526,70072.45080001303,60736.706896551725
1791479858,100,,Aggregated,0.800000,0.000000,38000,48000,55000,59000,65000,69000,70000,71000,71000,71000,71000,59,3,38000,37517.25406610353,3539.4193999818526,71354.83090000344,59750.94915254237
1791479859,100,,Aggregated,0.800000,0.000000,38000,48000,55000,59000,65000,69000,70000,71000,71000,71000,71000,59,3,38000,37517.25406610353,3539.4193999818526,71354.83090000344,59750.94915254237
1791479860,100,,Aggregated,0.800000,0.000000,38000,49000,56000,60000,66000,70000,71000,73000,73000,73000,73000,60,3,38000,38102.646265001866,3539.4193999818526,72640.78600000357,58823.6
1791479861,100,,Aggregated,0.800000,0.000000,38000,50000,56000,60000,66000,70000,73000,73000,73000,73000,73000,61,3,38000,38673.76608360839,3539.4193999818526,72940.95519999973,57926.65573770492
1791479862,100,,Aggregated,0.800000,0.000000,39000,50000,57000,61000,68000,71000,73000,74000,74000,74000,74000,62,3,39000,39248.18732903429,3539.4193999818526,74287.88330001407,57057.82258064516
1791479863,100,,Aggregated,0.800000,0.000000,39000,50000,57000,61000,68000,71000,73000,74000,74000,74000,74000,62,3,39000,39248.18732903429,3539.4193999818526,74287.88330001407,57057.82258064516
1791479864,100,,Aggregated,0.700000,0.000000,39000,51000,59000,61000,69000,73000,74000,76000,76000,76000,76000,63,3,39000,39825.67133016086,3539.4193999818526,75629.67940000817,56193.04761904762
1791479865,100,,Aggregated,0.800000,0.000000,41000,52000,60000,63000,70000,73000,76000,77000,77000,77000,77000,64,3,41000,40405.33205000202,3539.4193999818526,76923.95739999483,55379.25
1791479866,100,,Aggregated,0.800000,0.000000,41000,52000,60000,64000,71000,74000,77000,78000,78000,78000,78000,65,3,41000,40987.4629476945,3539.4193999818526,78243.84040001314,54566.907692307694
1791479867,100,,Aggregated,0.700000,0.000000,41000,53000,61000,64000,73000,76000,78000,80000,80000,80000,80000,66,3,41000,41571.44500000251,3539.4193999818526,79530.27840002324,53802.40909090909
1791479868,100,,Aggregated,0.700000,0.000000,41000,53000,61000,64000,73000,76000,78000,80000,80000,80000,80000,66,3,41000,41571.44500000251,3539.4193999818526,79530.27840002324,53802.40909090909
1791479869,100,,Aggregated,0.700000,0.000000,41000,55000,61000,65000,73000,77000,80000,81000,81000,81000,81000,67,3,41000,42157.9662880625,3539.4193999818526,80868.37130002095,53060.73134328358
1791479870,100,,Aggregated,0.800000,0.000000,43000,55000,63000,66000,74000,78000,81000,82000,82000,82000,82000,68,3,43000,42746.24206470875,3539.4193999818526,82160.71910000755,52340.867647058825
1791479871,100,,Aggregated,0.800000,0.000000,43000,56000,63000,68000,76000,80000,82000,83000,83000,83000,83000,69,3,43000,43335.30517681452,3539.4193999818526,83391.59680000739,51641.86956521739
1791479872,100,,Aggregated,0.700000,0.000000,44000,57000,64000,69000,77000,81000,83000,85000,85000,85000,85000,70,3,44000,43925.40506714557,3539.4193999818526,84642.29749998776,50962.84285714286
1791479873,100,,Aggregated,0.700000,0.000000,44000,57000,64000,69000,77000,81000,83000,85000,85000,85000,85000,70,3,44000,43925.40506714557,3539.4193999818526,84642.29749998776,50962.84285714286
1791479874,100,,Aggregated,0.800000,0.000000,44000,57000,65000,69000,77000,82000,85000,86000,86000,86000,86000,71,3,44000,44514.13576479127,3539.4193999818526,85725.28459999012,50281.028169014084
1791479875,100,,Aggregated,0.800000,0.000000,46000,59000,66000,70000,78000,83000,86000,87000,87000,87000,87000,72,3,46000,45101.8815000025,3539.4193999818526,86831.82870000019,49618.5
1791479876,100,,Aggregated,0.700000,0.000000,46000,60000,66000,71000,80000,85000,87000,88000,88000,88000,88000,73,3,46000,45683.80411233106,3539.4193999818526,87582.23219998763,48995.09589041096
1791479877,100,,Aggregated,0.800000,0.000000,47000,60000,68000,73000,81000,86000,88000,89000,89000,89000,89000,74,3,47000,46265.21377162371,3539.4193999818526,88708.11889998731,48408.51351351351
1791479878,100,,Aggregated,0.800000,0.000000,47000,60000,68000,73000,81000,86000,88000,89000,89000,89000,89000,74,3,47000,46265.21377162371,3539.4193999818526,88708.11889998731,48408.51351351351
1791479879,100,,Aggregated,0.800000,0.000000,48000,61000,70000,73000,83000,88000,90000,91000,91000,91000,91000,76,4,48000,47426.11934342284,3539.4193999818526,90782.2962999926,61690.15789473684
1791479880,100,,Aggregated,0.800000,0.000000,48000,61000,70000,73000,83000,88000,90000,91000,91000,91000,91000,76,4,48000,47426.11934342284,3539.4193999818526,90782.2962999926,61690.15789473684
1791479881,100,,Aggregated,0.700000,0.000000,48000,61000,70000,74000,85000,89000,91000,92000,92000,92000,92000,77,4,48000,48006.1977311705,3539.4193999818526,92092.1551999927,60942.36363636364
1791479882,100,,Aggregated,0.900000,0.100000,49000,63000,71000,76000,86000,90000,92000,93000,93000,93000,93000,78,4,49000,48588.1464987197,3539.4193999818526,93398.20160000818,60194.11538461538
1791479883,100,,Aggregated,0.800000,0.100000,49000,64000,73000,77000,87000,91000,93000,94000,94000,94000,94000,79,5,49000,49165.38201645754,3539.4193999818526,94189.75240000873,73402.35443037975
1791479884,100,,Aggregated,0.800000,0.100000,50000,64000,73000,78000,88000,92000,94000,96000,96000,96000,96000,80,5,50000,49744.86278000186,3539.4193999818526,95523.84310000343,72535.5625
1791479885,100,,Aggregated,0.800000,0.100000,50000,65000,73000,78000,88000,92000,96000,97000,97000,97000,97000,81,5,50000,50325.833620989324,3539.4193999818526,96803.50089998683,71671.87654320987
1791479886,100,,Aggregated,0.900000,0.200000,51000,66000,74000,80000,89000,93000,97000,98000,98000,98000,98000,82,6,51000,50902.10216707499,3539.4193999818526,97579.85440001357,84256.96341463414
1791479887,100,,Aggregated,0.900000,0.200000,51000,66000,74000,80000,89000,93000,97000,98000,98000,98000,98000,82,6,51000,50902.10216707499,3539.4193999818526,97579.85440001357,84256.96341463414
1791479888,100,,Aggregated,0.900000,0.200000,51000,66000,76000,81000,90000,94000,98000,99000,99000,99000,99000,83,6,51000,51478.25892289353,3539.4193999818526,98723.1129000138,83272.89156626505
1791479889,100,,Aggregated,0.900000,0.300000,52000,68000,77000,82000,91000,96000,99000,99000,99000,99000,99000,84,6,52000,52045.80589285892,3539.4193999818526,99152.20439998666,82330.47619047618
1791479890,100,,Aggregated,0.800000,0.300000,52000,69000,77000,83000,92000,97000,99000,101000,101000,101000,101000,85,6,52000,52616.436656472375,3539.4193999818526,100549.42080000183,81392.17647058824
1791479891,100,,Aggregated,0.900000,0.300000,53000,69000,78000,83000,93000,98000,101000,102000,102000,102000,102000,86,6,53000,53188.364946513524,3539.4193999818526,101802.26960001164,80475.72093023256
1791479893,100,,Aggregated,0.900000,0.300000,53000,69000,78000,83000,93000,98000,101000,102000,102000,102000,102000,86,6,53000,53188.364946513524,3539.4193999818526,101802.26960001164,80475.72093023256
1791479894,100,,Aggregated,0.900000,0.200000,53000,70000,80000,85000,94000,99000,102000,103000,103000,103000,103000,87,6,53000,53762.20559425472,3539.4193999818526,103112.50129999826,79597.36781609195
1791479895,100,,Aggregated,0.900000,0.200000,55000,71000,81000,86000,96000,99000,103000,104000,104000,104000,104000,88,6,55000,54337.19360681987,3539.4193999818526,104361.15069998777,78739.55681818182
1791479896,100,,Aggregated,0.800000,0.200000,55000,71000,81000,87000,97000,101000,104000,106000,106000,106000,106000,89,6,55000,54913.63303033893,3539.4193999818526,105640.30230001663,77883.82022471911
1791479897,100,,Aggregated,0.800000,0.100000,56000,73000,82000,88000,98000,102000,106000,107000,107000,107000,107000,90,6,56000,55489.86016444655,3539.4193999818526,106774.07510002377,77046.84444444445
1791479898,100,,Aggregated,0.800000,0.100000,56000,73000,82000,88000,98000,102000,106000,107000,107000,107000,107000,90,6,56000,55489.86016444655,3539.4193999818526,106774.07510002377,77046.84444444445
1791479899,100,,Aggregated,0.800000,0.100000,56000,73000,83000,88000,98000,103000,107000,108000,108000,108000,108000,91,6,56000,56065.90860769419,3539.4193999818526,107910.26849998161,76245.34065934065
1791479900,100,,Aggregated,0.800000,0.000000,57000,73000,85000,89000,99000,104000,108000,109000,109000,109000,109000,92,6,57000,56641.67116413243,3539.4193999818526,109036.06380001293,75460.70652173914
1791479901,100,,Aggregated,0.800000,0.000000,57000,74000,85000,90000,99000,106000,109000,110000,110000,110000,110000,93,6,57000,57217.46449032454,3539.4193999818526,110190.4504999984,74693.49462365592
1791479902,100,,Aggregated,0.800000,0.000000,59000,76000,86000,91000,101000,107000,110000,110000,110000,110000,110000,94,6,59000,57783.184193619,3539.4193999818526,110395.11660000426,73926.27659574468
1791479903,100,,Aggregated,0.800000,0.000000,59000,76000,87000,92000,102000,108000,110000,112000,112000,112000,112000,95,6,59000,58351.485212633415,3539.4193999818526,111771.78099998855,73191.36842105263
1791479904,100,,Aggregated,0.800000,0.000000,59000,76000,87000,92000,102000,108000,110000,112000,112000,112000,112000,95,6,59000,58351.485212633415,3539.4193999818526,111771.78099998855,73191.36842105263
1791479905,100,,Aggregated,0.800000,0.000000,60000,77000,88000,92000,103000,109000,112000,113000,113000,113000,113000,96,6,60000,58921.216517710185,3539.4193999818526,113045.69050000282,72471.23958333333
1791479906,100,,Aggregated,0.900000,0.000000,60000,78000,88000,93000,104000,110000,113000,115000,115000,115000,115000,97,6,60000,59495.97327422846,3539.4193999818526,114672.62189998291,71766.48453608247
1791479907,100,,Aggregated,0.800000,0.000000,61000,78000,89000,94000,106000,110000,115000,116000,116000,116000,116000,98,6,61000,60070.85253469549,3539.4193999818526,115834.14079999784,71091.19387755102
1791479908,100,,Aggregated,0.800000,0.000000,61000,78000,89000,94000,106000,110000,115000,116000,116000,116000,116000,98,6,61000,60070.85253469549,3539.4193999818526,115834.14079999784,71091.19387755102
1791479909,100,,Aggregated,0.800000,0.000000,61000,80000,90000,96000,107000,112000,116000,117000,117000,117000,117000,99,6,61000,60646.351452527044,3539.4193999818526,117045.24540001876,70414.61616161616
1791479910,100,,Aggregated,0.800000,0.000000,61000,81000,91000,97000,108000,113000,117000,118000,118000,118000,118000,100,6,61000,61222.05560700182,3539.4193999818526,118216.76690000459,69736.22
1791479911,100,,Aggregated,0.800000,0.000000,61000,81000,91000,97000,108000,113000,117000,118000,119000,119000,119000,101,6,61000,61798.68928911072,3539.4193999818526,119462.05750000081,69086.45544554456
1791479912,100,,Aggregated,0.800000,0.000000,63000,82000,92000,98000,109000,115000,118000,119000,121000,121000,121000,102,6,63000,62375.994362746824,3539.4193999818526,120683.80679999245,68448.93137254902
1791479913,100,,Aggregated,0.800000,0.000000,63000,82000,93000,99000,110000,116000,119000,121000,122000,122000,122000,103,6,63000,62953.57796116687,3539.4193999818526,121867.10500001209,67809.35922330097
1791479914,100,,Aggregated,0.800000,0.000000,64000,83000,94000,99000,110000,117000,121000,122000,123000,123000,123000,104,6,64000,63527.861424040355,3539.4193999818526,122679.05810000957,67196.86538461539
1791479915,100,,Aggregated,0.800000,0.000000,64000,85000,94000,101000,112000,118000,122000,122000,123000,123000,123000,105,6,64000,64083.08134762088,3539.4193999818526,122679.05810000957,66610.56190476191
1791479916,100,,Aggregated,0.800000,0.000000,65000,85000,96000,101000,113000,119000,122000,122000,123000,123000,123000,106,7,65000,64631.435657549104,3539.4193999818526,122679.05810000957,76393.92452830188
1791479917,100,,Aggregated,0.800000,0.000000,65000,86000,97000,102000,115000,121000,122000,123000,123000,123000,123000,107,7,65000,65173.186708413064,3539.4193999818526,122679.05810000957,75704.02803738318
1791479918,100,,Aggregated,0.800000,0.000000,65000,86000,97000,102000,115000,121000,122000,123000,123000,123000,123000,107,7,65000,65173.186708413064,3539.4193999818526,122679.05810000957,75704.02803738318
1791479919,100,,Aggregated,0.900000,0.100000,66000,87000,98000,103000,116000,121000,122000,123000,123000,123000,123000,108,7,66000,65689.48219815017,3539.4193999818526,122679.05810000957,75041.12037037036
1791479920,100,,Aggregated,0.800000,0.100000,66000,87000,98000,104000,117000,121000,122000,123000,123000,123000,123000,109,7,66000,66195.59786330462,3539.4193999818526,122679.05810000957,74376.3119266055
1791479921,100,,Aggregated,0.900000,0.100000,68000,88000,99000,106000,118000,121000,122000,123000,123000,123000,123000,110,7,68000,66697.24542454748,3539.4193999818526,122679.05810000957,73737.52727272727
1791479922,100,,Aggregated,0.900000,0.100000,68000,88000,99000,106000,118000,121000,122000,123000,123000,123000,123000,110,7,68000,66697.24542454748,3539.4193999818526,122679.05810000957,73737.52727272727
1791479923,100,,Aggregated,0.900000,0.100000,68000,89000,99000,106000,118000,121000,122000,123000,123000,123000,123000,111,7,68000,67190.8104027048,3539.4193999818526,122679.05810000957,73110.25225225225
1791479924,100,,Aggregated,0.800000,0.100000,69000,89000,101000,107000,119000,122000,123000,123000,123000,123000,123000,112,7,69000,67685.27390535903,3539.4193999818526,122679.05810000957,72507.1875
1791479925,100,,Aggregated,0.800000,0.100000,69000,90000,101000,108000,121000,122000,123000,123000,123000,123000,123000,113,7,69000,68166.56238230284,3539.4193999818526,122679.05810000957,71915.38053097345
1791479926,100,,Aggregated,0.900000,0.100000,70000,91000,102000,109000,121000,122000,123000,123000,123000,123000,123000,114,7,70000,68638.15033859845,3539.4193999818526,122679.05810000957,71307.16666666667
1791479927,100,,Aggregated,0.900000,0.100000,70000,91000,103000,110000,121000,122000,123000,123000,123000,123000,123000,115,7,70000,69093.93331043691,3539.4193999818526,122679.05810000957,70736.08695652174
1791479928,100,,Aggregated,0.900000,0.100000,70000,91000,103000,110000,121000,122000,123000,123000,123000,123000,123000,115,7,70000,69093.93331043691,3539.4193999818526,122679.05810000957,70736.08695652174
1791479929,100,,Aggregated,0.700000,0.000000,71000,92000,104000,110000,121000,122000,123000,123000,123000,123000,123000,116,7,71000,69549.25482155399,3539.4193999818526,122679.05810000957,70161.72413793103
1791479930,100,,Aggregated,0.800000,0.000000,71000,93000,104000,110000,121000,122000,123000,123000,123000,123000,123000,117,7,71000,69989.09596666899,3539.4193999818526,122679.05810000957,69584.02564102564
1791479931,100,,Aggregated,0.800000,0.000000,73000,93000,106000,112000,121000,122000,123000,123000,123000,123000,123000,118,7,73000,70418.68282542605,3539.4193999818526,122679.05810000957,69029.16101694915
1791479932,100,,Aggregated,0.800000,0.000000,73000,94000,107000,113000,121000,122000,123000,123000,123000,123000,123000,119,7,73000,70848.87414874179,3539.4193999818526,122679.05810000957,68496.43697478992
1791479933,100,,Aggregated,0.800000,0.000000,73000,96000,108000,115000,121000,122000,123000,123000,123000,123000,123000,120,7,73000,71271.24075083558,3539.4193999818526,122679.05810000957,67959.88333333333
1791479934,100,,Aggregated,0.900000,0.000000,73000,96000,108000,115000,121000,122000,123000,123000,123000,123000,123000,121,7,73000,71680.38757107644,3539.4193999818526,122679.05810000957,67444.80165289257
1791479935,100,,Aggregated,0.900000,0.000000,74000,97000,109000,116000,121000,122000,123000,123000,123000,123000,123000,122,7,74000,72088.0831319693,3539.4193999818526,122679.05810000957,66938.14754098361
1791479936,100,,Aggregated,0.900000,0.000000,74000,98000,110000,117000,121000,122000,123000,123000,123000,123000,123000,123,7,74000,72478.50037317269,3539.4193999818526,122679.05810000957,66439.74796747968
1791479937,100,,Aggregated,0.900000,0.000000,76000,98000,110000,118000,121000,122000,123000,123000,123000,123000,123000,124,7,76000,72870.84765322771,3539.4193999818526,122679.05810000957,65937.08870967742
1791479938,100,,Aggregated,1.000000,0.000000,76000,99000,110000,119000,121000,122000,123000,123000,123000,123000,123000,125,7,76000,73252.2071824018,3539.4193999818526,122679.05810000957,65442.472
1791479939,100,,Aggregated,1.000000,0.000000,77000,99000,112000,119000,121000,122000,123000,123000,123000,123000,123000,126,7,77000,73626.76452063667,3539.4193999818526,122679.05810000957,64955.706349206346
1791479940,100,,Aggregated,1.000000,0.000000,77000,99000,112000,119000,121000,122000,123000,123000,123000,123000,123000,126,7,77000,73626.76452063667,3539.4193999818526,122679.05810000957,64955.706349206346
1791479941,100,,Aggregated,0.900000,0.000000,77000,99000,113000,120000,121000,122000,123000,123000,123000,123000,123000,127,7,77000,73994.30172362385,3539.4193999818526,122679.05810000957,64476.606299212595
1791479942,100,,Aggregated,0.900000,0.000000,78000,101000,115000,120000,121000,122000,123000,123000,123000,123000,123000,128,7,78000,74361.9326203143,3539.4193999818526,122679.05810000957,63993.03125
1791479943,100,,Aggregated,0.900000,0.000000,78000,101000,115000,120000,121000,122000,123000,123000,123000,123000,123000,128,7,78000,74361.9326203143,3539.4193999818526,122679.05810000957,63993.03125
1791479944,100,,Aggregated,0.900000,0.000000,78000,102000,115000,120000,121000,122000,123000,123000,123000,123000,123000,129,7,78000,74722.28848914907,3539.4193999818526,122679.05810000957,63516.90697674418
1791479945,100,,Aggregated,0.800000,0.000000,80000,102000,116000,120000,121000,122000,123000,123000,123000,123000,123000,130,7,80000,75072.27052077116,3539.4193999818526,122679.05810000957,63059.93076923077
1791479946,100,,Aggregated,0.800000,0.000000,80000,103000,117000,120000,121000,122000,123000,123000,123000,123000,123000,131,8,80000,75422.69369847528,3539.4193999818526,122679.05810000957,71003.34351145038
1791479947,100,,Aggregated,0.700000,0.000000,81000,104000,118000,121000,121000,122000,123000,123000,123000,123000,123000,132,8,81000,75768.9403310627,3539.4193999818526,122679.05810000957,70484.80303030302
1791479948,100,,Aggregated,0.800000,0.100000,81000,104000,118000,121000,121000,122000,123000,123000,123000,123000,123000,133,8,81000,76106.08759173151,3539.4193999818526,122679.05810000957,69997.2932330827
1791479949,100,,Aggregated,0.800000,0.100000,81000,104000,118000,121000,121000,122000,123000,123000,123000,123000,123000,133,8,81000,76106.08759173151,3539.4193999818526,122679.05810000957,69997.2932330827
1791479950,100,,Aggregated,0.700000,0.100000,82000,106000,119000,121000,121000,122000,123000,123000,123000,123000,123000,134,8,82000,76440.05164701722,3539.4193999818526,122679.05810000957,69505.59701492537
1791479951,100,,Aggregated,0.800000,0.100000,82000,107000,120000,121000,121000,122000,123000,123000,123000,123000,123000,135,8,82000,76767.38777037246,3539.4193999818526,122679.05810000957,69021.18518518518
1791479952,100,,Aggregated,0.800000,0.100000,83000,107000,120000,121000,121000,122000,123000,123000,123000,123000,123000,136,8,83000,77097.14732206085,3539.4193999818526,122679.05810000957,68543.63235294117
1791479953,100,,Aggregated,0.800000,0.100000,83000,107000,120000,121000,121000,122000,123000,123000,123000,123000,123000,136,8,83000,77097.14732206085,3539.4193999818526,122679.05810000957,68543.63235294117
1791479954,100,,Aggregated,0.700000,0.100000,83000,108000,120000,121000,121000,122000,123000,123000,123000,123000,123000,137,8,83000,77412.94037080504,3539.4193999818526,122679.05810000957,68084.4306569343
1791479955,100,,Aggregated,0.800000,0.100000,85000,109000,120000,121000,121000,122000,123000,123000,123000,123000,123000,138,8,85000,77733.00709348048,3539.4193999818526,122679.05810000957,67620.84782608696
1791479956,100,,Aggregated,0.800000,0.100000,85000,109000,120000,121000,121000,122000,123000,123000,123000,123000,123000,139,8,85000,78037.13683237633,3539.4193999818526,122679.05810000957,67163.93525179857
1791479957,100,,Aggregated,0.900000,0.100000,86000,110000,120000,121000,121000,122000,123000,123000,123000,123000,123000,140,8,86000,78339.69291143067,3539.4193999818526,122679.05810000957,66713.55
1791479958,100,,Aggregated,0.900000,0.100000,86000,110000,120000,121000,121000,122000,123000,123000,123000,123000,123000,140,8,86000,78339.69291143067,3539.4193999818526,122679.05810000957,66713.55
1791479959,100,,Aggregated,0.800000,0.000000,86000,110000,120000,121000,121000,122000,123000,123000,123000,123000,123000,141,8,86000,78644.96633829986,3539.4193999818526,122679.05810000957,66258.66666666667
1791479960,100,,Aggregated,0.800000,0.000000,87000,110000,120000,121000,121000,122000,123000,123000,123000,123000,123000,142,8,87000,78946.52007253717,3539.4193999818526,122679.05810000957,65810.07042253521
1791479961,100,,Aggregated,0.800000,0.000000,87000,112000,120000,121000,121000,122000,123000,123000,123000,123000,123000,143,8,87000,79239.13968811376,3539.4193999818526,122679.05810000957,65378.6013986014
1791479962,100,,Aggregated,0.800000,0.000000,88000,113000,121000,121000,121000,122000,123000,123000,123000,123000,123000,144,8,88000,79533.0093631963,3539.4193999818526,122679.05810000957,64942.45138888889
1791479963,100,,Aggregated,0.800000,0.000000,88000,113000,121000,121000,121000,122000,123000,123000,123000,123000,123000,145,9,88000,79817.89328965706,3539.4193999818526,122679.05810000957,72105.91724137931
1791479964,100,,Aggregated,0.800000,0.000000,88000,113000,121000,121000,121000,122000,123000,123000,123000,123000,123000,145,9,88000,79817.89328965706,3539.4193999818526,122679.05810000957,72105.91724137931
1791479965,100,,Aggregated,0.800000,0.000000,89000,115000,121000,121000,121000,122000,123000,123000,123000,123000,123000,146,9,89000,80097.07975411139,3539.4193999818526,122679.05810000957,71640.19178082192
1791479966,100,,Aggregated,0.800000,0.100000,89000,116000,121000,121000,121000,122000,123000,123000,123000,123000,123000,147,9,89000,80377.35021836919,3539.4193999818526,122679.05810000957,71170.36054421769
1791479967,100,,Aggregated,0.800000,0.100000,90000,116000,121000,121000,121000,122000,123000,123000,123000,123000,123000,148,9,90000,80645.03404324502,3539.4193999818526,122679.05810000957,70716.9054054054
1791479968,100,,Aggregated,0.800000,0.100000,90000,116000,121000,121000,121000,122000,123000,123000,123000,123000,123000,148,9,90000,80645.03404324502,3539.4193999818526,122679.05810000957,70716.9054054054
1791479969,100,,Aggregated,0.700000,0.100000,90000,117000,121000,121000,121000,122000,123000,123000,123000,123000,123000,149,9,90000,80907.10935369291,3539.4193999818526,122679.05810000957,70269.87919463088
1791479970,100,,Aggregated,0.800000,0.100000,91000,118000,121000,121000,121000,122000,123000,123000,123000,123000,123000,150,9,91000,81171.05330266817,3539.4193999818526,122679.05810000957,69818.58
1791479971,100,,Aggregated,0.800000,0.100000,91000,118000,121000,121000,121000,122000,122000,123000,123000,123000,123000,151,9,91000,81437.48992516712,3539.4193999818526,122679.05810000957,69383.08609271524
1791479972,100,,Aggregated,0.800000,0.100000,91000,118000,121000,121000,121000,122000,122000,123000,123000,123000,123000,151,9,91000,81437.48992516712,3539.4193999818526,122679.05810000957,69383.08609271524
1791479973,100,,Aggregated,0.800000,0.100000,92000,119000,121000,121000,121000,122000,122000,123000,123000,123000,123000,152,9,92000,81692.10227697516,3539.4193999818526,122679.05810000957,68943.57236842105
1791479974,100,,Aggregated,0.800000,0.100000,92000,119000,121000,121000,121000,122000,122000,123000,123000,123000,123000,153,9,92000,81942.63883137405,3539.4193999818526,122679.05810000957,68519.82352941176
1791479975,100,,Aggregated,0.800000,0.100000,92000,119000,121000,121000,121000,122000,122000,123000,123000,123000,123000,153,9,92000,81942.63883137405,3539.4193999818526,122679.05810000957,68519.82352941176
1791479976,100,,Aggregated,0.800000,0.100000,93000,120000,121000,121000,121000,122000,122000,123000,123000,123000,123000,154,9,93000,82195.15006363792,3539.4193999818526,122679.05810000957,68111.46753246753
1791479977,100,,Aggregated,0.700000,0.000000,93000,120000,121000,121000,121000,122000,122000,123000,123000,123000,123000,155,9,93000,82445.9874567758,3539.4193999818526,122679.05810000957,67688.66451612904
1791479978,100,,Aggregated,0.700000,0.000000,93000,120000,121000,121000,121000,122000,122000,123000,123000,123000,123000,155,9,93000,82445.9874567758,3539.4193999818526,122679.05810000957,67688.66451612904
1791479979,100,,Aggregated,0.800000,0.000000,94000,120000,121000,121000,121000,122000,123000,123000,123000,123000,123000,156,9,94000,82704.56209359149,3539.4193999818526,122783.630800026,67271.26923076923
1791479980,100,,Aggregated,0.700000,0.000000,94000,120000,121000,121000,122000,122000,123000,123000,124000,124000,124000,157,9,94000,82964.72697325013,3539.4193999818526,123550.44819999603,66868.96815286625
1791479981,100,,Aggregated,0.700000,0.000000,94000,120000,121000,121000,122000,122000,123000,123000,124000,124000,124000,157,9,94000,82964.72697325013,3539.4193999818526,123550.44819999603,66868.96815286625
1791479982,100,,Aggregated,0.600000,0.000000,96000,120000,121000,121000,122000,122000,123000,123000,124000,124000,124000,158,9,96000,83215.6885417738,3539.4193999818526,123550.44819999603,66462.05696202532
1791479983,100,,Aggregated,0.600000,0.000000,96000,120000,121000,121000,122000,122000,123000,123000,124000,124000,124000,158,9,96000,83215.6885417738,3539.4193999818526,123550.44819999603,66462.05696202532
1791479984,100,,Aggregated,0.700000,0.000000,96000,120000,121000,121000,122000,122000,123000,124000,124000,124000,124000,159,9,96000,83471.38383836648,3539.4193999818526,123871.240700013,66060.25157232705
1791479985,100,,Aggregated,0.600000,0.000000,97000,120000,121000,121000,122000,123000,123000,124000,124000,124000,124000,160,9,97000,83718.41083250183,3539.4193999818526,123871.240700013,65663.48125
1791479986,100,,Aggregated,0.600000,0.000000,97000,120000,121000,121000,122000,123000,123000,124000,124000,124000,124000,160,9,97000,83718.41083250183,3539.4193999818526,123871.240700013,65663.48125
1791479987,100,,Aggregated,0.600000,0.000000,97000,120000,121000,121000,122000,123000,123000,124000,124000,124000,124000,161,9,97000,83965.92788695829,3539.4193999818526,123871.240700013,65290.63354037267
1791479988,100,,Aggregated,0.600000,0.000000,98000,120000,121000,121000,122000,123000,124000,124000,125000,125000,125000,162,9,98000,84216.57697777972,3539.4193999818526,124571.08060002793,64903.51234567901
1791479989,100,,Aggregated,0.600000,0.000000,98000,120000,121000,121000,122000,123000,124000,124000,125000,125000,125000,162,9,98000,84216.57697777972,3539.4193999818526,124571.08060002793,64903.51234567901
1791479990,100,,Aggregated,0.600000,0.000000,98000,120000,121000,121000,122000,123000,124000,124000,125000,125000,125000,163,9,98000,84460.50119386705,3539.4193999818526,124571.08060002793,64530.54601226994
1791479991,100,,Aggregated,0.600000,0.000000,98000,120000,121000,121000,122000,123000,124000,124000,125000,125000,125000,163,9,98000,84460.50119386705,3539.4193999818526,124571.08060002793,64530.54601226994
1791479992,100,,Aggregated,0.600000,0.000000,99000,120000,121000,121000,122000,123000,124000,125000,125000,125000,125000,164,9,99000,84707.41266524597,3539.4193999818526,124953.98250001017,64171.41463414634
1791479993,100,,Aggregated,0.600000,0.000000,99000,120000,121000,121000,122000,123000,124000,125000,126000,126000,126000,165,9,99000,84955.95005636569,3539.4193999818526,125716.08220000053,63807.40606060606
1791479994,100,,Aggregated,0.700000,0.000000,99000,120000,121000,121000,122000,123000,124000,125000,126000,126000,126000,166,10,99000,85191.78395361656,3539.4193999818526,125716.08220000053,70071.51204819277
1791479995,100,,Aggregated,0.600000,0.000000,99000,120000,121000,121000,122000,124000,124000,125000,126000,126000,126000,167,11,99000,85423.86186107993,3539.4193999818526,125716.08220000053,76260.61077844311
1791479996,100,,Aggregated,0.600000,0.000000,99000,120000,121000,121000,122000,124000,124000,125000,126000,126000,126000,167,11,99000,85423.86186107993,3539.4193999818526,125716.08220000053,76260.61077844311
1791479997,100,,Aggregated,0.700000,0.100000,101000,120000,121000,121000,122000,124000,125000,125000,126000,126000,126000,168,11,101000,85657.6813863115,3539.4193999818526,125716.08220000053,75821.99404761905
1791479998,100,,Aggregated,0.700000,0.200000,101000,120000,121000,121000,123000,124000,125000,125000,126000,126000,126000,169,11,101000,85887.23027692505,3539.4193999818526,125716.08220000053,75388.4674556213
1791479999,100,,Aggregated,0.700000,0.200000,101000,120000,121000,121000,123000,124000,125000,125000,126000,126000,126000,169,11,101000,85887.23027692505,3539.4193999818526,125716.08220000053,75388.4674556213
1791480000,100,,Aggregated,0.700000,0.200000,102000,120000,121000,121000,123000,124000,125000,126000,126000,126000,126000,170,12,102000,86120.85072529614,3539.4193999818526,125716.08220000053,81437.05882352941
1791480001,100,,Aggregated,0.700000,0.200000,102000,120000,121000,121000,123000,124000,125000,126000,126000,126000,126000,171,12,102000,86354.40487134707,3539.4193999818526,126058.60970000504,80984.8538011696
1791480002,100,,Aggregated,0.700000,0.200000,102000,120000,121000,121000,123000,124000,125000,126000,126000,126000,126000,171,12,102000,86354.40487134707,3539.4193999818526,126058.60970000504,80984.8538011696
1791480003,100,,Aggregated,0.700000,0.300000,103000,121000,121000,121000,123000,124000,126000,126000,127000,127000,127000,172,12,103000,86588.71189360679,3539.4193999818526,126655.21270001773,80537.90697674418
1791480004,100,,Aggregated,0.700000,0.300000,103000,121000,121000,121000,123000,124000,126000,127000,127000,127000,127000,173,12,103000,86822.27875433731,3539.4193999818526,126995.77879998833,80096.12716763005
1791480005,100,,Aggregated,0.700000,0.300000,103000,121000,121000,121000,123000,124000,126000,127000,127000,127000,127000,173,12,103000,86822.27875433731,3539.4193999818526,126995.77879998833,80096.12716763005
1791480006,100,,Aggregated,0.700000,0.300000,104000,121000,121000,121000,123000,125000,126000,127000,127000,127000,127000,174,12,104000,87049.21989138126,3539.4193999818526,126995.77879998833,79650.62068965517
1791480007,100,,Aggregated,0.700000,0.300000,104000,121000,121000,121000,123000,125000,126000,127000,127000,127000,127000,174,12,104000,87049.21989138126,3539.4193999818526,126995.77879998833,79650.62068965517
1791480008,100,,Aggregated,0.700000,0.200000,104000,121000,121000,121000,123000,125000,126000,127000,127000,127000,127000,175,12,104000,87272.53298171611,3539.4193999818526,126995.77879998833,79227.40571428572
1791480009,100,,Aggregated,0.700000,0.100000,106000,121000,121000,121000,124000,125000,126000,127000,127000,127000,127000,176,12,106000,87497.39013579726,3539.4193999818526,126995.77879998833,78791.89204545454
1791480010,100,,Aggregated,0.700000,0.100000,106000,121000,121000,121000,124000,125000,126000,127000,127000,127000,127000,176,12,106000,87497.39013579726,3539.4193999818526,126995.77879998833,78791.89204545454
1791480011,100,,Aggregated,0.600000,0.100000,106000,121000,121000,122000,124000,126000,127000,127000,128000,128000,128000,177,12,106000,87727.5053045216,3539.4193999818526,128227.77500000666,78369.9604519774
1791480012,100,,Aggregated,0.700000,0.100000,107000,121000,121000,122000,124000,126000,127000,128000,128000,128000,128000,178,12,107000,87952.35360000188,3539.4193999818526,128227.77500000666,77944.15730337078
1791480013,100,,Aggregated,0.700000,0.100000,107000,121000,121000,122000,124000,126000,127000,128000,128000,128000,128000,178,12,107000,87952.35360000188,3539.4193999818526,128227.77500000666,77944.15730337078
1791480014,100,,Aggregated,0.600000,0.000000,107000,121000,121000,122000,124000,126000,127000,128000,129000,129000,129000,179,12,107000,88180.98096536503,3539.4193999818526,128876.65200000629,77523.08938547486
1791480015,100,,Aggregated,0.700000,0.000000,108000,121000,121000,122000,124000,126000,128000,129000,130000,130000,130000,180,12,108000,88413.23446000184,3539.4193999818526,129986.60999999265,77115.23888888888
1791480016,100,,Aggregated,0.700000,0.000000,108000,121000,121000,122000,124000,126000,128000,129000,130000,130000,130000,180,12,108000,88413.23446000184,3539.4193999818526,129986.60999999265,77115.23888888888
1791480017,100,,Aggregated,0.600000,0.000000,108000,121000,121000,122000,124000,126000,128000,129000,130000,130000,130000,181,12,108000,88635.24418342738,3539.4193999818526,129986.60999999265,76711.89502762431
1791480018,100,,Aggregated,0.700000,0.000000,109000,121000,121000,122000,124000,126000,129000,130000,130000,130000,130000,182,12,109000,88860.44567692505,3539.4193999818526,129986.60999999265,76312.98351648351
1791480019,100,,Aggregated,0.700000,0.000000,109000,121000,121000,122000,124000,126000,129000,130000,130000,130000,130000,182,12,109000,88860.44567692505,3539.4193999818526,129986.60999999265,76312.98351648351
1791480021,100,,Aggregated,0.600000,0.000000,109000,121000,121000,122000,124000,127000,129000,130000,130000,130000,130000,183,12,109000,89084.33879672324,3539.4193999818526,129986.60999999265,75918.43169398907
1791480022,100,,Aggregated,0.600000,0.000000,109000,121000,121000,122000,124000,127000,129000,130000,130000,130000,130000,183,12,109000,89084.33879672324,3539.4193999818526,129986.60999999265,75918.43169398907
1791480023,100,,Aggregated,0.600000,0.000000,110000,121000,121000,122000,125000,127000,130000,130000,131000,131000,131000,184,12,110000,89310.85896521927,3539.4193999818526,130764.04979999643,75528.16847826086
1791480024,100,,Aggregated,0.700000,0.000000,110000,121000,121000,122000,125000,127000,130000,131000,131000,131000,131000,185,12,110000,89533.73703405596,3539.4193999818526,130764.04979999643,75142.12432432432
1791480025,100,,Aggregated,0.700000,0.000000,110000,121000,121000,122000,125000,127000,130000,131000,131000,131000,131000,185,12,110000,89533.73703405596,3539.4193999818526,130764.04979999643,75142.12432432432
1791480026,100,,Aggregated,0.600000,0.000000,110000,121000,121000,122000,125000,128000,130000,131000,131000,131000,131000,186,12,110000,89756.9093994642,3539.4193999818526,131043.79699999117,74760.2311827957
1791480027,100,,Aggregated,0.600000,0.000000,110000,121000,121000,122000,125000,128000,130000,131000,131000,131000,131000,186,12,110000,89756.9093994642,3539.4193999818526,131043.79699999117,74760.2311827957
1791480028,100,,Aggregated,0.600000,0.000000,110000,121000,121000,122000,126000,128000,131000,131000,132000,132000,132000,187,12,110000,89983.23180053657,3539.4193999818526,132079.19839999522,74374.20320855615
1791480029,100,,Aggregated,0.600000,0.000000,112000,121000,122000,122000,126000,129000,131000,132000,132000,132000,132000,188,12,112000,90207.45529202315,3539.4193999818526,132137.24820001516,73992.1914893617
1791480030,100,,Aggregated,0.600000,0.000000,112000,121000,122000,122000,126000,129000,131000,132000,133000,133000,133000,189,13,112000,90433.22921322937,3539.4193999818526,132878.7263999984,79440.1746031746
1791480031,100,,Aggregated,0.600000,0.000000,112000,121000,122000,122000,126000,129000,131000,132000,133000,133000,133000,189,13,112000,90433.22921322937,3539.4193999818526,132878.7263999984,79440.1746031746
1791480032,100,,Aggregated,0.600000,0.000000,113000,121000,122000,123000,126000,130000,132000,133000,133000,133000,133000,190,13,113000,90657.11178263344,3539.4193999818526,132970.91740000178,79043.7
1791480033,100,,Aggregated,0.600000,0.000000,113000,121000,122000,123000,126000,130000,132000,133000,133000,133000,133000,190,13,113000,90657.11178263344,3539.4193999818526,132970.91740000178,79043.7
1791480034,100,,Aggregated,0.600000,0.100000,113000,121000,122000,123000,126000,130000,132000,133000,133000,133000,133000,191,13,113000,90879.43400523737,3539.4193999818526,133120.65629998688,78651.37696335079
1791480035,100,,Aggregated,0.700000,0.100000,115000,121000,122000,123000,126000,130000,133000,133000,134000,134000,134000,192,13,115000,91106.36650937672,3539.4193999818526,134450.47479998902,78262.875
1791480036,100,,Aggregated,0.700000,0.100000,115000,121000,122000,123000,126000,130000,133000,133000,134000,134000,134000,192,13,115000,91106.36650937672,3539.4193999818526,134450.47479998902,78262.875
1791480037,100,,Aggregated,0.600000,0.100000,115000,121000,122000,123000,127000,131000,133000,133000,134000,134000,134000,193,13,115000,91324.15635026073,3539.4193999818526,134450.47479998902,77870.70984455959
1791480038,100,,Aggregated,0.700000,0.100000,116000,121000,122000,123000,127000,131000,133000,134000,134000,134000,134000,194,13,116000,91542.98515515623,3539.4193999818526,134450.47479998902,77482.59793814433
1791480039,100,,Aggregated,0.700000,0.100000,116000,121000,122000,123000,127000,131000,133000,134000,134000,134000,134000,194,13,116000,91542.98515515623,3539.4193999818526,134450.47479998902,77482.59793814433
1791480040,100,,Aggregated,0.700000,0.100000,116000,121000,122000,123000,127000,131000,133000,134000,134000,134000,134000,195,13,116000,91761.2097661554,3539.4193999818526,134450.47479998902,77106.3282051282
1791480041,100,,Aggregated,0.600000,0.100000,117000,121000,122000,123000,128000,132000,134000,134000,136000,136000,136000,196,13,117000,91985.13921530757,3539.4193999818526,135651.3817999803,76726.0663265306
1791480042,100,,Aggregated,0.600000,0.100000,117000,121000,122000,123000,128000,132000,134000,134000,136000,136000,136000,196,13,117000,91985.13921530757,3539.4193999818526,135651.3817999803,76726.0663265306
1791480043,100,,Aggregated,0.600000,0.000000,117000,121000,122000,123000,128000,132000,134000,135000,136000,136000,136000,197,13,117000,92203.91199797102,3539.4193999818526,135651.3817999803,76349.67512690356
1791480044,100,,Aggregated,0.600000,0.000000,118000,121000,122000,124000,129000,133000,134000,135000,136000,136000,136000,198,13,118000,92420.11698737527,3539.4193999818526,135651.3817999803,75977.08585858585
1791480045,100,,Aggregated,0.600000,0.000000,118000,121000,122000,124000,129000,133000,134000,135000,136000,136000,136000,198,13,118000,92420.11698737527,3539.4193999818526,135651.3817999803,75977.08585858585
1791480046,100,,Aggregated,0.700000,0.000000,118000,121000,122000,124000,129000,133000,135000,135000,136000,136000,136000,199,13,118000,92634.39745728795,3539.4193999818526,135651.3817999803,75608.25125628141
1791480047,100,,Aggregated,0.700000,0.000000,118000,121000,122000,124000,129000,133000,135000,135000,136000,136000,136000,199,13,118000,92634.39745728795,3539.4193999818526,135651.3817999803,75608.25125628141
1791480048,100,,Aggregated,0.600000,0.000000,119000,121000,122000,124000,130000,133000,135000,136000,136000,136000,136000,200,13,119000,92849.36660500156,3539.4193999818526,135651.3817999803,75258.385
1791480049,100,,Aggregated,0.600000,0.000000,119000,121000,122000,124000,130000,133000,135000,136000,137000,137000,137000,201,13,119000,93069.26191194184,3539.4193999818526,137048.32329999772,74904.41293532339
1791480050,100,,Aggregated,0.600000,0.000000,119000,121000,122000,124000,130000,133000,135000,136000,137000,137000,137000,201,13,119000,93069.26191194184,3539.4193999818526,137048.32329999772,74904.41293532339
1791480051,100,,Aggregated,0.600000,0.000000,120000,121000,122000,124000,130000,133000,135000,136000,138000,138000,138000,202,13,120000,93289.52956782341,3539.4193999818526,137563.32840002142,74546.36633663367
1791480052,100,,Aggregated,0.600000,0.000000,120000,121000,122000,124000,130000,133000,135000,136000,138000,138000,138000,202,13,120000,93289.52956782341,3539.4193999818526,137563.32840002142,74546.36633663367
1791480053,100,,Aggregated,0.600000,0.000000,120000,121000,123000,124000,130000,134000,136000,137000,138000,138000,138000,203,13,120000,93504.68691921345,3539.4193999818526,137563.32840002142,74191.8275862069
1791480054,100,,Aggregated,0.600000,0.000000,120000,121000,123000,124000,131000,134000,136000,137000,138000,138000,138000,204,13,120000,93723.25366323694,3539.4193999818526,138092.3027000099,73840.7843137255
1791480055,100,,Aggregated,0.600000,0.000000,120000,121000,123000,124000,131000,134000,136000,137000,138000,138000,138000,204,13,120000,93723.25366323694,3539.4193999818526,138092.3027000099,73840.7843137255
1791480056,100,,Aggregated,0.600000,0.000000,120000,121000,123000,124000,131000,134000,137000,138000,138000,138000,138000,205,13,120000,93939.04372195288,3539.4193999818526,138092.3027000099,73500.63414634146
1791480057,100,,Aggregated,0.600000,0.000000,120000,121000,123000,124000,131000,135000,137000,138000,139000,139000,139000,206,14,120000,94156.80932912786,3539.4193999818526,138798.758799996,78501.33495145632
1791480058,100,,Aggregated,0.600000,0.000000,120000,121000,123000,124000,131000,135000,137000,138000,139000,139000,139000,206,14,120000,94156.80932912786,3539.4193999818526,138798.758799996,78501.33495145632
1791480059,100,,Aggregated,0.600000,0.000000,120000,121000,123000,125000,132000,135000,138000,138000,139000,139000,139000,207,14,120000,94373.36237391467,3539.4193999818526,138983.28960000072,78149.32367149758
1791480060,100,,Aggregated,0.600000,0.000000,120000,121000,123000,125000,132000,135000,138000,138000,139000,139000,139000,207,14,120000,94373.36237391467,3539.4193999818526,138983.28960000072,78149.32367149758
1791480061,100,,Aggregated,0.600000,0.100000,120000,121000,123000,125000,132000,135000,138000,139000,139000,139000,139000,208,14,120000,94589.05947788619,3539.4193999818526,139238.35999998846,77800.69711538461
1791480062,100,,Aggregated,0.600000,0.100000,120000,121000,123000,125000,133000,136000,138000,139000,141000,141000,141000,209,14,120000,94810.52149043226,3539.4193999818526,140874.62010001764,77440.77511961723
1791480063,100,,Aggregated,0.600000,0.100000,120000,121000,123000,125000,133000,136000,138000,139000,141000,141000,141000,209,14,120000,94810.52149043226,3539.4193999818526,140874.62010001764,77440.77511961723
1791480064,100,,Aggregated,0.600000,0.100000,120000,121000,123000,126000,133000,136000,139000,139000,141000,141000,141000,210,14,120000,95027.73544381114,3539.4193999818526,140874.62010001764,77091.58095238096
1791480065,100,,Aggregated,0.600000,0.100000,120000,121000,124000,126000,133000,137000,139000,140000,141000,141000,141000,211,14,120000,95243.19322275034,3539.4193999818526,140874.62010001764,76738.43127962085
1791480066,100,,Aggregated,0.600000,0.100000,120000,121000,124000,126000,133000,137000,139000,140000,141000,141000,141000,211,14,120000,95243.19322275034,3539.4193999818526,140874.62010001764,76738.43127962085
1791480067,100,,Aggregated,0.700000,0.100000,120000,121000,124000,126000,133000,137000,139000,140000,141000,141000,141000,212,14,120000,95455.97207264308,3539.4193999818526,140874.62010001764,76395.84433962264
1791480068,100,,Aggregated,0.600000,0.100000,120000,121000,124000,126000,133000,138000,140000,140000,142000,142000,142000,213,14,120000,95673.949945072,3539.4193999818526,141885.25890000165,76049.28638497653
1791480069,100,,Aggregated,0.600000,0.100000,120000,121000,124000,126000,133000,138000,140000,140000,142000,142000,142000,213,14,120000,95673.949945072,3539.4193999818526,141885.25890000165,76049.28638497653
1791480070,100,,Aggregated,0.600000,0.000000,120000,122000,124000,126000,134000,138000,140000,141000,142000,142000,142000,214,14,120000,95892.44099766521,3539.4193999818526,142431.0352000175,75713.1214953271
1791480071,100,,Aggregated,0.600000,0.000000,120000,122000,124000,126000,134000,138000,140000,142000,142000,142000,142000,215,14,120000,96105.29015907152,3539.4193999818526,142431.0352000175,75380.08372093023
1791480072,100,,Aggregated,0.600000,0.000000,120000,122000,124000,126000,134000,138000,140000,142000,142000,142000,142000,215,14,120000,96105.29015907152,3539.4193999818526,142431.0352000175,75380.08372093023
1791480073,100,,Aggregated,0.600000,0.000000,120000,122000,124000,126000,134000,139000,141000,142000,143000,143000,143000,216,14,120000,96322.9869194462,3539.4193999818526,143127.7904000017,75043.02314814815
1791480074,100,,Aggregated,0.600000,0.000000,120000,122000,124000,126000,134000,139000,141000,142000,143000,143000,143000,216,14,120000,96322.9869194462,3539.4193999818526,143127.7904000017,75043.02314814815
1791480075,100,,Aggregated,0.700000,0.000000,120000,122000,124000,127000,135000,139000,142000,142000,143000,143000,143000,217,14,120000,96540.20960921832,3539.4193999818526,143460.3105999995,74716.14285714286
1791480076,100,,Aggregated,0.600000,0.000000,120000,122000,124000,127000,135000,139000,142000,143000,144000,144000,144000,218,14,120000,96759.00989954307,3539.4193999818526,144238.67290001363,74385.22935779816
1791480077,100,,Aggregated,0.600000,0.000000,120000,122000,124000,127000,135000,139000,142000,143000,144000,144000,144000,218,14,120000,96759.00989954307,3539.4193999818526,144238.67290001363,74385.22935779816
1791480078,100,,Aggregated,0.700000,0.000000,120000,122000,124000,127000,135000,140000,142000,143000,144000,144000,144000,219,14,120000,96976.93277808388,3539.4193999818526,144484.12029998144,74064.33789954337
1791480079,100,,Aggregated,0.600000,0.000000,120000,122000,125000,128000,136000,140000,143000,144000,144000,144000,144000,220,14,120000,97192.43558818346,3539.4193999818526,144484.12029998144,73753.28636363636
1791480080,100,,Aggregated,0.600000,0.000000,120000,122000,125000,128000,136000,140000,143000,144000,144000,144000,144000,220,14,120000,97192.43558818346,3539.4193999818526,144484.12029998144,73753.28636363636
1791480081,100,,Aggregated,0.700000,0.000000,120000,122000,125000,128000,136000,140000,143000,144000,146000,146000,146000,221,14,120000,97413.14546335013,3539.4193999818526,145969.31800001767,73438.15837104073
1791480082,100,,Aggregated,0.700000,0.000000,120000,122000,125000,128000,136000,140000,143000,144000,146000,146000,146000,221,14,120000,97413.14546335013,3539.4193999818526,145969.31800001767,73438.15837104073
1791480083,100,,Aggregated,0.600000,0.000000,120000,122000,125000,128000,136000,140000,144000,144000,146000,146000,146000,222,14,120000,97630.78968378548,3539.4193999818526,145969.31800001767,73118.95495495496
1791480084,100,,Aggregated,0.600000,0.000000,120000,122000,125000,129000,137000,141000,144000,146000,147000,147000,147000,223,14,120000,97851.3302861004,3539.4193999818526,146811.3440000161,72802.63228699552
1791480085,100,,Aggregated,0.600000,0.000000,120000,122000,125000,129000,137000,141000,144000,146000,147000,147000,147000,223,14,120000,97851.3302861004,3539.4193999818526,146811.3440000161,72802.63228699552
1791480086,100,,Aggregated,0.600000,0.000000,120000,122000,126000,129000,137000,142000,144000,146000,148000,148000,148000,224,14,120000,98075.5247566981,3539.4193999818526,148070.89169998653,72495.96875
1791480087,100,,Aggregated,0.600000,0.000000,120000,122000,126000,130000,138000,142000,146000,147000,148000,148000,148000,225,14,120000,98294.3555608906,3539.4193999818526,148070.89169998653,72192.03111111111
1791480088,100,,Aggregated,0.600000,0.000000,120000,122000,126000,130000,138000,142000,146000,147000,148000,148000,148000,225,14,120000,98294.3555608906,3539.4193999818526,148070.89169998653,72192.03111111111
1791480089,100,,Aggregated,0.600000,0.000000,121000,122000,126000,130000,138000,142000,146000,147000,148000,148000,148000,226,14,121000,98513.54685840881,3539.4193999818526,148070.89169998653,71883.99115044248
1791480090,100,,Aggregated,0.600000,0.000000,121000,122000,126000,130000,138000,142000,146000,147000,148000,148000,148000,226,14,121000,98513.54685840881,3539.4193999818526,148070.89169998653,71883.99115044248
1791480091,100,,Aggregated,0.600000,0.000000,121000,122000,126000,130000,138000,143000,147000,148000,148000,148000,148000,227,14,121000,98729.50004890046,3539.4193999818526,148070.89169998653,71585.42731277533
1791480092,100,,Aggregated,0.600000,0.000000,121000,122000,126000,130000,139000,143000,147000,148000,149000,149000,149000,228,14,121000,98950.49548684382,3539.4193999818526,149116.45989998942,71296.16228070176
1791480093,100,,Aggregated,0.600000,0.000000,121000,122000,126000,130000,139000,143000,147000,148000,149000,149000,149000,228,14,121000,98950.49548684382,3539.4193999818526,149116.45989998942,71296.16228070176
1791480094,100,,Aggregated,0.600000,0.000000,121000,122000,126000,131000,139000,144000,148000,148000,149000,149000,149000,229,14,121000,99167.71693144283,3539.4193999818526,149116.45989998942,71002.77292576419
1791480095,100,,Aggregated,0.600000,0.000000,121000,122000,126000,131000,139000,144000,148000,149000,149000,149000,149000,230,14,121000,99383.9856113061,3539.4193999818526,149116.45989998942,70711.93478260869
1791480096,100,,Aggregated,0.600000,0.000000,121000,122000,126000,131000,139000,144000,148000,149000,149000,149000,149000,230,14,121000,99383.9856113061,3539.4193999818526,149116.45989998942,70711.93478260869
1791480097,100,,Aggregated,0.700000,0.000000,121000,123000,127000,131000,139000,144000,148000,149000,150000,150000,150000,231,14,121000,99603.16502467712,3539.4193999818526,150014.43010001094,70423.61471861471
1791480098,100,,Aggregated,0.700000,0.000000,121000,123000,127000,131000,140000,146000,149000,149000,150000,150000,150000,232,14,121000,99816.58982327764,3539.4193999818526,150014.43010001094,70131.1724137931
1791480099,100,,Aggregated,0.700000,0.000000,121000,123000,127000,131000,140000,146000,149000,149000,150000,150000,150000,232,14,121000,99816.58982327764,3539.4193999818526,150014.43010001094,70131.1724137931
1791480100,100,,Aggregated,0.600000,0.000000,121000,123000,127000,132000,140000,146000,149000,149000,150000,150000,150000,233,14,121000,100033.27239613913,3539.4193999818526,150303.6293000041,69841.21459227467
1791480101,100,,Aggregated,0.700000,0.000000,121000,123000,127000,132000,140000,147000,149000,149000,150000,150000,150000,234,14,121000,100244.3021299163,3539.4193999818526,150303.6293000041,69553.76923076923
1791480102,100,,Aggregated,0.700000,0.000000,121000,123000,127000,132000,140000,147000,149000,149000,150000,150000,150000,234,14,121000,100244.3021299163,3539.4193999818526,150303.6293000041,69553.76923076923
1791480103,100,,Aggregated,0.600000,0.000000,121000,123000,128000,133000,141000,147000,149000,150000,151000,151000,151000,235,14,121000,100458.7228340443,3539.4193999818526,150633.16759999725,69275.28510638297
1791480104,100,,Aggregated,0.600000,0.000000,121000,123000,128000,133000,141000,147000,149000,150000,151000,151000,151000,235,14,121000,100458.7228340443,3539.4193999818526,150633.16759999725,69275.28510638297
1791480105,100,,Aggregated,0.700000,0.000000,121000,123000,128000,133000,142000,148000,149000,150000,151000,151000,151000,236,14,121000,100668.99105212047,3539.4193999818526,150633.16759999725,69005.61440677966
1791480106,100,,Aggregated,0.600000,0.000000,121000,123000,128000,133000,142000,148000,150000,150000,151000,151000,151000,237,14,121000,100881.86550042381,3539.4193999818526,151120.2353000117,68731.79324894515
1791480107,100,,Aggregated,0.600000,0.000000,121000,123000,128000,133000,142000,148000,150000,150000,151000,151000,151000,237,14,121000,100881.86550042381,3539.4193999818526,151120.2353000117,68731.79324894515
1791480108,100,,Aggregated,0.700000,0.000000,121000,123000,129000,133000,142000,148000,150000,151000,151000,151000,151000,238,14,121000,101092.34490714465,3539.4193999818526,151120.2353000117,68460.2731092437
1791480109,100,,Aggregated,0.600000,0.000000,121000,123000,129000,133000,143000,149000,150000,151000,152000,152000,152000,239,14,121000,101303.58071464609,3539.4193999818526,151577.70289998734,68191.02510460251
1791480110,100,,Aggregated,0.600000,0.000000,121000,123000,129000,133000,143000,149000,150000,151000,152000,152000,152000,239,14,121000,101303.58071464609,3539.4193999818526,151577.70289998734,68191.02510460251
1791480111,100,,Aggregated,0.600000,0.000000,121000,124000,130000,134000,143000,149000,151000,151000,152000,152000,152000,240,14,121000,101513.87372541838,3539.4193999818526,151773.90329999616,67917.625
1791480112,100,,Aggregated,0.700000,0.000000,121000,124000,130000,134000,143000,149000,151000,152000,152000,152000,152000,241,14,121000,101724.89188672368,3539.4193999818526,152369.2505999934,67652.86307053942
1791480113,100,,Aggregated,0.700000,0.000000,121000,124000,130000,134000,143000,149000,151000,152000,152000,152000,152000,241,14,121000,101724.89188672368,3539.4193999818526,152369.2505999934,67652.86307053942
1791480114,100,,Aggregated,0.600000,0.000000,121000,124000,130000,134000,144000,149000,151000,152000,153000,153000,153000,242,14,121000,101936.58226157194,3539.4193999818526,152953.96260000416,67390.28925619835
1791480115,100,,Aggregated,0.600000,0.000000,121000,124000,130000,134000,144000,149000,151000,152000,153000,153000,153000,242,14,121000,101936.58226157194,3539.4193999818526,152953.96260000416,67390.28925619835
1791480116,100,,Aggregated,0.700000,0.000000,121000,124000,130000,134000,144000,149000,152000,152000,153000,153000,153000,243,14,121000,102142.32426419921,3539.4193999818526,152953.96260000416,67129.87654320987
1791480117,100,,Aggregated,0.600000,0.000000,121000,124000,131000,135000,144000,149000,152000,152000,153000,153000,153000,244,14,121000,102349.59676721477,3539.4193999818526,152953.96260000416,66871.59836065574
1791480118,100,,Aggregated,0.600000,0.000000,121000,124000,131000,135000,144000,149000,152000,152000,153000,153000,153000,244,14,121000,102349.59676721477,3539.4193999818526,152953.96260000416,66871.59836065574
1791480119,100,,Aggregated,0.600000,0.000000,121000,124000,131000,135000,146000,150000,152000,153000,154000,154000,154000,245,14,121000,102558.89695469555,3539.4193999818526,153628.14270000672,66615.42857142857
1791480120,100,,Aggregated,0.600000,0.000000,121000,124000,131000,135000,146000,150000,152000,153000,154000,154000,154000,246,14,121000,102769.28710406671,3539.4193999818526,154314.87370000104,66361.34146341463
1791480121,100,,Aggregated,0.600000,0.000000,121000,124000,131000,135000,147000,150000,153000,153000,154000,154000,154000,247,15,121000,102973.97111417173,3539.4193999818526,154314.87370000104,70560.91902834008
1791480122,100,,Aggregated,0.600000,0.000000,121000,124000,131000,135000,147000,150000,153000,153000,154000,154000,154000,247,15,121000,102973.97111417173,3539.4193999818526,154314.87370000104,70560.91902834008
1791480123,100,,Aggregated,0.700000,0.000000,121000,124000,132000,136000,147000,151000,153000,154000,155000,155000,155000,248,15,121000,103182.68830685651,3539.4193999818526,154735.83489999874,70286.78225806452
1791480124,100,,Aggregated,0.700000,0.000000,121000,124000,132000,136000,147000,151000,153000,154000,155000,155000,155000,248,15,121000,103182.68830685651,3539.4193999818526,154735.83489999874,70286.78225806452
1791480125,100,,Aggregated,0.600000,0.100000,121000,124000,132000,136000,148000,151000,153000,154000,155000,155000,155000,249,15,121000,103389.08670160807,3539.4193999818526,154735.83489999874,70021.01204819277
1791480126,100,,Aggregated,0.700000,0.100000,121000,125000,132000,137000,148000,151000,154000,154000,155000,155000,155000,250,15,121000,103593.02890120163,3539.4193999818526,154735.83489999874,69763.46
1791480127,100,,Aggregated,0.700000,0.100000,121000,125000,132000,137000,148000,151000,154000,154000,155000,155000,155000,250,15,121000,103593.02890120163,3539.4193999818526,154735.83489999874,69763.46
1791480128,100,,Aggregated,0.600000,0.100000,121000,125000,133000,137000,148000,152000,154000,155000,156000,156000,156000,251,15,121000,103801.05562669484,3539.4193999818526,155807.73699999554,69501.89243027888
1791480129,100,,Aggregated,0.600000,0.100000,121000,125000,133000,137000,148000,152000,154000,155000,156000,156000,156000,251,15,121000,103801.05562669484,3539.4193999818526,155807.73699999554,69501.89243027888
1791480130,100,,Aggregated,0.600000,0.100000,121000,125000,133000,137000,148000,152000,154000,155000,156000,156000,156000,252,15,121000,104005.80229643024,3539.4193999818526,155807.73699999554,69248.26587301587
1791480131,100,,Aggregated,0.700000,0.100000,121000,125000,133000,138000,149000,152000,154000,155000,156000,156000,156000,253,15,121000,104212.86245612822,3539.4193999818526,156392.02270001988,68984.74308300395
1791480133,100,,Aggregated,0.700000,0.100000,121000,125000,133000,138000,149000,152000,154000,155000,156000,156000,156000,253,15,121000,104212.86245612822,3539.4193999818526,156392.02270001988,68984.74308300395
1791480134,100,,Aggregated,0.600000,0.100000,121000,125000,133000,138000,149000,152000,155000,156000,157000,157000,157000,254,15,121000,104418.76178937189,3539.4193999818526,156511.29310001852,68723.27952755906
1791480135,100,,Aggregated,0.600000,0.000000,121000,126000,133000,138000,149000,153000,155000,156000,157000,157000,157000,255,15,121000,104622.60230392334,3539.4193999818526,156511.29310001852,68463.88235294117
1791480136,100,,Aggregated,0.600000,0.000000,121000,126000,133000,138000,149000,153000,155000,156000,157000,157000,157000,255,15,121000,104622.60230392334,3539.4193999818526,156511.29310001852,68463.88235294117
1791480137,100,,Aggregated,0.600000,0.000000,121000,126000,134000,138000,149000,153000,155000,156000,157000,157000,157000,256,16,121000,104823.5343921893,3539.4193999818526,156511.29310001852,72507.58984375
1791480138,100,,Aggregated,0.700000,0.000000,121000,126000,134000,139000,149000,153000,155000,156000,157000,157000,157000,257,16,121000,105020.30717354271,3539.4193999818526,156511.29310001852,72235.48638132296
1791480139,100,,Aggregated,0.700000,0.000000,121000,126000,134000,139000,149000,153000,155000,156000,157000,157000,157000,257,16,121000,105020.30717354271,3539.4193999818526,156511.29310001852,72235.48638132296
1791480140,100,,Aggregated,0.600000,0.100000,121000,126000,134000,139000,150000,154000,156000,156000,157000,157000,157000,258,16,121000,105218.42732093208,3539.4193999818526,156511.29310001852,71965.49224806202
1791480141,100,,Aggregated,0.700000,0.100000,121000,126000,134000,139000,150000,154000,156000,156000,157000,157000,157000,259,16,121000,105413.68709768524,3539.4193999818526,156511.29310001852,71703.50193050194
1791480142,100,,Aggregated,0.700000,0.100000,121000,126000,134000,139000,150000,154000,156000,156000,157000,157000,157000,259,16,121000,105413.68709768524,3539.4193999818526,156511.29310001852,71703.50193050194
1791480143,100,,Aggregated,0.700000,0.100000,121000,126000,135000,140000,150000,154000,156000,156000,157000,157000,157000,260,16,121000,105603.61699269411,3539.4193999818526,156511.29310001852,71437.63076923077
1791480144,100,,Aggregated,0.700000,0.100000,121000,126000,135000,140000,150000,154000,156000,156000,157000,157000,157000,260,16,121000,105603.61699269411,3539.4193999818526,156511.29310001852,71437.63076923077
1791480145,100,,Aggregated,0.600000,0.100000,121000,126000,135000,140000,150000,154000,156000,156000,157000,157000,157000,261,16,121000,105793.62377049991,3539.4193999818526,156511.29310001852,71185.51340996168
1791480146,100,,Aggregated,0.600000,0.100000,121000,126000,135000,140000,150000,154000,156000,156000,157000,157000,157000,261,16,121000,105793.62377049991,3539.4193999818526,156511.29310001852,71185.51340996168
1791480147,100,,Aggregated,0.600000,0.100000,121000,126000,135000,140000,151000,155000,156000,156000,157000,157000,157000,262,16,121000,105984.96184465832,3539.4193999818526,156511.29310001852,70929.5
1791480148,100,,Aggregated,0.600000,0.100000,121000,127000,135000,140000,151000,155000,156000,156000,157000,157000,157000,263,16,121000,106172.87273194092,3539.4193999818526,156511.29310001852,70669.61216730038
1791480149,100,,Aggregated,0.600000,0.100000,121000,127000,135000,140000,151000,155000,156000,156000,157000,157000,157000,263,16,121000,106172.87273194092,3539.4193999818526,156511.29310001852,70669.61216730038
1791480150,100,,Aggregated,0.600000,0.000000,121000,127000,136000,141000,151000,155000,156000,156000,157000,157000,157000,264,16,121000,106359.44802878963,3539.4193999818526,156511.29310001852,70411.68560606061
1791480151,100,,Aggregated,0.600000,0.000000,121000,127000,136000,142000,152000,155000,156000,156000,157000,157000,157000,265,16,121000,106546.40776943567,3539.4193999818526,156511.29310001852,70161.49056603774
1791480152,100,,Aggregated,0.600000,0.000000,121000,127000,136000,142000,152000,155000,156000,156000,157000,157000,157000,265,16,121000,106546.40776943567,3539.4193999818526,156511.29310001852,70161.49056603774
1791480153,100,,Aggregated,0.600000,0.000000,121000,127000,136000,142000,152000,155000,156000,156000,157000,157000,157000,266,16,121000,106733.56281315959,3539.4193999818526,156511.29310001852,69907.42105263157
1791480154,100,,Aggregated,0.600000,0.000000,121000,128000,137000,142000,152000,155000,156000,156000,157000,157000,157000,267,16,121000,106919.92046666835,3539.4193999818526,156511.29310001852,69655.24719101124
1791480155,100,,Aggregated,0.600000,0.000000,121000,128000,137000,142000,152000,155000,156000,156000,157000,157000,157000,267,16,121000,106919.92046666835,3539.4193999818526,156511.29310001852,69655.24719101124
1791480156,100,,Aggregated,0.600000,0.000000,121000,128000,137000,142000,152000,155000,156000,156000,157000,157000,157000,268,16,121000,107100.87470485242,3539.4193999818526,156511.29310001852,69410.67537313433
1791480157,100,,Aggregated,0.600000,0.000000,121000,128000,137000,143000,153000,155000,156000,156000,157000,157000,157000,269,16,121000,107283.17082602401,3539.4193999818526,156511.29310001852,69162.2156133829
1791480158,100,,Aggregated,0.600000,0.000000,121000,128000,137000,143000,153000,155000,156000,156000,157000,157000,157000,269,16,121000,107283.17082602401,3539.4193999818526,156511.29310001852,69162.2156133829
1791480159,100,,Aggregated,0.700000,0.000000,121000,129000,138000,143000,153000,155000,156000,156000,157000,157000,157000,270,16,121000,107465.07616703864,3539.4193999818526,156511.29310001852,68921.28148148148
1791480160,100,,Aggregated,0.600000,0.000000,121000,129000,138000,143000,153000,156000,156000,156000,157000,157000,157000,271,17,121000,107646.51873948505,3539.4193999818526,156636.01330001256,72739.45018450184
1791480161,100,,Aggregated,0.600000,0.000000,121000,129000,138000,143000,153000,156000,156000,156000,157000,157000,157000,271,17,121000,107646.51873948505,3539.4193999818526,156636.01330001256,72739.45018450184
1791480162,100,,Aggregated,0.700000,0.000000,121000,129000,138000,144000,153000,156000,156000,156000,157000,157000,157000,272,17,121000,107821.13164007514,3539.4193999818526,156636.01330001256,72487.13602941176
1791480163,100,,Aggregated,0.700000,0.100000,121000,130000,138000,144000,154000,156000,156000,156000,157000,157000,157000,273,18,121000,107993.96131795041,3539.4193999818526,156636.01330001256,76264.30769230769
1791480164,100,,Aggregated,0.700000,0.100000,121000,130000,139000,144000,154000,156000,156000,156000,157000,157000,157000,274,18,121000,108170.13269233744,3539.4193999818526,156636.01330001256,76000.9708029197
1791480165,100,,Aggregated,0.700000,0.200000,121000,130000,139000,146000,154000,156000,156000,156000,157000,157000,157000,275,19,121000,108344.31091381988,3539.4193999818526,156636.01330001256,79737.87272727273
1791480166,100,,Aggregated,0.700000,0.200000,121000,130000,139000,146000,154000,156000,156000,156000,157000,157000,157000,275,19,121000,108344.31091381988,3539.4193999818526,156636.01330001256,79737.87272727273
1791480167,100,,Aggregated,0.700000,0.200000,121000,130000,139000,146000,155000,156000,156000,156000,157000,157000,157000,276,19,121000,108513.52667717561,3539.4193999818526,156636.01330001256,79458.30434782608
1791480168,100,,Aggregated,0.700000,0.300000,121000,130000,139000,146000,155000,156000,156000,156000,157000,157000,157000,277,19,121000,108685.35549783567,3539.4193999818526,156636.01330001256,79186.28880866426
1791480169,100,,Aggregated,0.700000,0.300000,121000,130000,139000,146000,155000,156000,156000,156000,157000,157000,157000,277,19,121000,108685.35549783567,3539.4193999818526,156636.01330001256,79186.28880866426
1791480170,100,,Aggregated,0.800000,0.300000,121000,131000,140000,147000,155000,156000,156000,156000,157000,157000,157000,278,19,121000,108853.41297122475,3539.4193999818526,156636.01330001256,78910.72302158273
1791480171,100,,Aggregated,0.800000,0.300000,121000,131000,140000,147000,155000,156000,156000,156000,157000,157000,157000,278,19,121000,108853.41297122475,3539.4193999818526,156636.01330001256,78910.72302158273
1791480172,100,,Aggregated,0.700000,0.300000,121000,131000,140000,147000,155000,156000,156000,156000,157000,157000,157000,279,19,121000,109021.10849211639,3539.4193999818526,156636.01330001256,78648.08602150538
1791480173,100,,Aggregated,0.700000,0.200000,121000,131000,140000,148000,155000,156000,156000,156000,157000,157000,157000,280,20,121000,109183.18339928746,3539.4193999818526,156636.01330001256,82308.81071428572
1791480174,100,,Aggregated,0.700000,0.200000,121000,131000,140000,148000,155000,156000,156000,156000,157000,157000,157000,280,20,121000,109183.18339928746,3539.4193999818526,156636.01330001256,82308.81071428572
1791480175,100,,Aggregated,0.700000,0.200000,121000,131000,140000,148000,155000,156000,156000,156000,157000,157000,157000,281,20,121000,109343.11971886292,3539.4193999818526,156636.01330001256,82035.95017793594
1791480176,100,,Aggregated,0.700000,0.200000,122000,132000,141000,148000,155000,156000,156000,156000,157000,157000,157000,282,20,122000,109501.9056510655,3539.4193999818526,156636.01330001256,81764.85815602836
1791480177,100,,Aggregated,0.700000,0.200000,122000,132000,141000,148000,155000,156000,156000,156000,157000,157000,157000,282,20,122000,109501.9056510655,3539.4193999818526,156636.01330001256,81764.85815602836
1791480178,100,,Aggregated,0.700000,0.200000,122000,132000,142000,148000,155000,156000,156000,156000,157000,157000,157000,283,20,122000,109660.02249823492,3539.4193999818526,156636.01330001256,81495.8409893993
1791480179,100,,Aggregated,0.600000,0.100000,122000,132000,142000,149000,155000,156000,156000,156000,157000,157000,157000,284,20,122000,109821.40501972003,3539.4193999818526,156636.01330001256,81228.71830985915
1791480180,100,,Aggregated,0.600000,0.100000,122000,132000,142000,149000,155000,156000,156000,156000,157000,157000,157000,284,20,122000,109821.40501972003,3539.4193999818526,156636.01330001256,81228.71830985915
1791480181,100,,Aggregated,0.700000,0.100000,122000,133000,142000,149000,155000,156000,156000,156000,157000,157000,157000,285,20,122000,109978.50587017722,3539.4193999818526,156636.01330001256,80952.67368421053
1791480182,100,,Aggregated,0.600000,0.100000,122000,133000,142000,149000,155000,156000,156000,156000,157000,157000,157000,286,20,122000,110133.61364510671,3539.4193999818526,156636.01330001256,80683.99300699301
1791480183,100,,Aggregated,0.600000,0.100000,122000,133000,142000,149000,155000,156000,156000,156000,157000,157000,157000,286,20,122000,110133.61364510671,3539.4193999818526,156636.01330001256,80683.99300699301
1791480184,100,,Aggregated,0.700000,0.100000,122000,133000,143000,149000,155000,156000,156000,156000,157000,157000,157000,287,20,122000,110289.60308954884,3539.4193999818526,156636.01330001256,80411.84320557491
1791480185,100,,Aggregated,0.700000,0.100000,122000,133000,143000,149000,155000,156000,156000,156000,157000,157000,157000,287,20,122000,110289.60308954884,3539.4193999818526,156636.01330001256,80411.84320557491
1791480186,100,,Aggregated,0.600000,0.000000,122000,133000,143000,149000,155000,156000,156000,156000,157000,157000,157000,288,20,122000,110441.59342048794,3539.4193999818526,156636.01330001256,80141.58333333333
1791480187,100,,Aggregated,0.600000,0.000000,122000,133000,143000,149000,155000,156000,156000,156000,157000,157000,157000,289,20,122000,110597.5120785485,3539.4193999818526,156636.01330001256,79883.7750865052
1791480188,100,,Aggregated,0.600000,0.000000,122000,133000,143000,149000,155000,156000,156000,156000,157000,157000,157000,289,20,122000,110597.5120785485,3539.4193999818526,156636.01330001256,79883.7750865052
1791480189,100,,Aggregated,0.600000,0.000000,122000,133000,144000,150000,155000,156000,156000,156000,157000,157000,157000,290,20,122000,110753.71428551903,3539.4193999818526,156636.01330001256,79622.48620689654
1791480190,100,,Aggregated,0.600000,0.000000,122000,134000,144000,150000,155000,156000,156000,156000,157000,157000,157000,291,20,122000,110909.21951099829,3539.4193999818526,156636.01330001256,79362.99312714777
1791480191,100,,Aggregated,0.600000,0.000000,122000,134000,144000,150000,155000,156000,156000,156000,157000,157000,157000,291,20,122000,110909.21951099829,3539.4193999818526,156636.01330001256,79362.99312714777
1791480192,100,,Aggregated,0.700000,0.000000,122000,134000,144000,150000,155000,156000,156000,156000,157000,157000,157000,292,20,122000,111062.88919691951,3539.4193999818526,156636.01330001256,79110.49315068492
1791480193,100,,Aggregated,0.700000,0.000000,122000,134000,144000,150000,155000,156000,156000,156000,157000,157000,157000,292,20,122000,111062.88919691951,3539.4193999818526,156636.01330001256,79110.49315068492
1791480194,100,,Aggregated,0.600000,0.000000,122000,134000,144000,150000,155000,156000,156000,156000,157000,157000,157000,293,20,122000,111216.74778771498,3539.4193999818526,156636.01330001256,78849.27986348124
1791480195,100,,Aggregated,0.600000,0.000000,122000,134000,146000,151000,155000,156000,156000,156000,157000,157000,157000,294,20,122000,111363.95616938938,3539.4193999818526,156636.01330001256,78595.06462585034
1791480196,100,,Aggregated,0.600000,0.000000,122000,134000,146000,151000,155000,156000,156000,156000,157000,157000,157000,294,20,122000,111363.95616938938,3539.4193999818526,156636.01330001256,78595.06462585034
1791480197,100,,Aggregated,0.600000,0.000000,122000,134000,146000,151000,155000,156000,156000,156000,157000,157000,157000,295,20,122000,111510.92372915412,3539.4193999818526,156636.01330001256,78342.57288135593
1791480198,100,,Aggregated,0.600000,0.000000,122000,135000,147000,151000,155000,156000,156000,156000,157000,157000,157000,296,20,122000,111656.81809865014,3539.4193999818526,156636.01330001256,78086.6081081081
1791480199,100,,Aggregated,0.600000,0.000000,122000,135000,147000,151000,155000,156000,156000,156000,157000,157000,157000,296,20,122000,111656.81809865014,3539.4193999818526,156636.01330001256,78086.6081081081
1791480200,100,,Aggregated,0.600000,0.000000,122000,135000,147000,151000,155000,156000,156000,156000,157000,157000,157000,297,20,122000,111804.1157451193,3539.4193999818526,156636.01330001256,77837.52861952862
1791480201,100,,Aggregated,0.600000,0.000000,122000,135000,147000,151000,155000,156000,156000,156000,157000,157000,157000,297,20,122000,111804.1157451193,3539.4193999818526,156636.01330001256,77837.52861952862
1791480202,100,,Aggregated,0.600000,0.000000,122000,135000,147000,152000,155000,156000,156000,156000,157000,157000,157000,298,20,122000,111950.04160906188,3539.4193999818526,156636.01330001256,77590.12080536912
1791480203,100,,Aggregated,0.600000,0.000000,122000,135000,148000,152000,155000,156000,156000,156000,157000,157000,157000,299,20,122000,112098.16175351321,3539.4193999818526,156636.01330001256,77344.36789297659
1791480204,100,,Aggregated,0.600000,0.000000,122000,135000,148000,152000,155000,156000,156000,156000,157000,157000,157000,299,20,122000,112098.16175351321,3539.4193999818526,156636.01330001256,77344.36789297659
1791480205,100,,Aggregated,0.600000,0.000000,122000,136000,148000,152000,155000,156000,156000,156000,157000,157000,157000,300,20,122000,112243.17948366817,3539.4193999818526,156636.01330001256,77105.33666666667
1791480206,100,,Aggregated,0.600000,0.000000,122000,136000,148000,152000,155000,156000,156000,156000,157000,157000,157000,300,20,122000,112243.17948366817,3539.4193999818526,156636.01330001256,77105.33666666667
1791480207,100,,Aggregated,0.600000,0.000000,122000,136000,148000,152000,155000,156000,156000,156000,157000,157000,157000,301,20,122000,112387.91537574894,3539.4193999818526,156636.01330001256,76857.72757475082
1791480208,100,,Aggregated,0.600000,0.000000,122000,136000,148000,152000,155000,156000,156000,156000,157000,157000,157000,301,20,122000,112387.91537574894,3539.4193999818526,156636.01330001256,76857.72757475082
1791480209,100,,Aggregated,0.600000,0.000000,122000,136000,148000,152000,155000,156000,156000,156000,157000,157000,157000,302,20,122000,112529.65953410737,3539.4193999818526,156636.01330001256,76621.88410596027
1791480210,100,,Aggregated,0.600000,0.000000,122000,136000,149000,153000,155000,156000,156000,156000,157000,157000,157000,303,21,122000,112670.05877689911,3539.4193999818526,156636.01330001256,80011.41254125413
1791480211,100,,Aggregated,0.600000,0.000000,122000,136000,149000,153000,155000,156000,156000,156000,157000,157000,157000,303,21,122000,112670.05877689911,3539.4193999818526,156636.01330001256,80011.41254125413
1791480212,100,,Aggregated,0.600000,0.000000,123000,137000,149000,153000,155000,156000,156000,156000,157000,157000,157000,304,21,123000,112809.36789605413,3539.4193999818526,156636.01330001256,79761.73684210527
1791480213,100,,Aggregated,0.600000,0.100000,123000,137000,149000,153000,155000,156000,156000,156000,157000,157000,157000,305,21,123000,112949.63506032937,3539.4193999818526,156636.01330001256,79513.69836065573
1791480214,100,,Aggregated,0.600000,0.100000,123000,137000,149000,153000,155000,156000,156000,156000,157000,157000,157000,305,21,123000,112949.63506032937,3539.4193999818526,156636.01330001256,79513.69836065573
1791480215,100,,Aggregated,0.600000,0.100000,123000,137000,149000,153000,155000,156000,156000,156000,157000,157000,157000,306,21,123000,113088.53636143946,3539.4193999818526,156636.01330001256,79267.28104575163
1791480216,100,,Aggregated,0.600000,0.100000,123000,137000,149000,153000,155000,156000,156000,156000,157000,157000,157000,306,21,123000,113088.53636143946,3539.4193999818526,156636.01330001256,79267.28104575163
1791480217,100,,Aggregated,0.600000,0.100000,123000,138000,149000,154000,155000,156000,156000,156000,157000,157000,157000,307,21,123000,113228.90929446416,3539.4193999818526,156636.01330001256,79022.46905537459
1791480218,100,,Aggregated,0.600000,0.100000,123000,138000,149000,154000,155000,156000,156000,156000,157000,157000,157000,308,21,123000,113371.05308117042,3539.4193999818526,157009.19559999602,78774.26948051948
1791480219,100,,Aggregated,0.600000,0.100000,123000,138000,149000,154000,155000,156000,156000,156000,157000,157000,157000,308,21,123000,113371.05308117042,3539.4193999818526,157009.19559999602,78774.26948051948
1791480220,100,,Aggregated,0.600000,0.100000,123000,138000,149000,154000,155000,156000,156000,157000,157000,157000,157000,309,21,123000,113511.13548220217,3539.4193999818526,157009.19559999602,78527.67637540452
1791480221,100,,Aggregated,0.600000,0.100000,123000,138000,150000,154000,155000,156000,156000,157000,157000,157000,157000,310,21,123000,113646.44879516281,3539.4193999818526,157009.19559999602,78287.61935483871
1791480222,100,,Aggregated,0.600000,0.100000,123000,138000,150000,154000,155000,156000,156000,157000,157000,157000,157000,310,21,123000,113646.44879516281,3539.4193999818526,157009.19559999602,78287.61935483871
1791480223,100,,Aggregated,0.600000,0.000000,123000,139000,150000,154000,155000,156000,156000,157000,157000,157000,157000,311,21,123000,113782.6410864967,3539.4193999818526,157009.19559999602,78049.10610932476
1791480224,100,,Aggregated,0.600000,0.000000,123000,139000,150000,154000,155000,156000,156000,157000,157000,157000,157000,311,21,123000,113782.6410864967,3539.4193999818526,157009.19559999602,78049.10610932476
1791480225,100,,Aggregated,0.600000,0.000000,123000,139000,150000,154000,156000,156000,156000,157000,157000,157000,157000,312,21,123000,113918.87661602716,3539.4193999818526,157009.19559999602,77812.1217948718
1791480226,100,,Aggregated,0.600000,0.000000,123000,139000,150000,154000,156000,156000,156000,157000,157000,157000,157000,313,21,123000,114054.01314632742,3539.4193999818526,157009.19559999602,77571.75399361023
1791480227,100,,Aggregated,0.600000,0.000000,123000,139000,150000,154000,156000,156000,156000,157000,157000,157000,157000,313,21,123000,114054.01314632742,3539.4193999818526,157009.19559999602,77571.75399361023
1791480228,100,,Aggregated,0.600000,0.000000,123000,139000,151000,154000,156000,156000,156000,157000,157000,157000,157000,314,21,123000,114185.85737611617,3539.4193999818526,157009.19559999602,77332.91719745223
1791480229,100,,Aggregated,0.600000,0.000000,123000,139000,151000,154000,156000,156000,156000,157000,157000,157000,157000,315,21,123000,114318.06874666814,3539.4193999818526,157009.19559999602,77105.15555555555
1791480230,100,,Aggregated,0.600000,0.000000,123000,139000,151000,154000,156000,156000,156000,157000,157000,157000,157000,315,21,123000,114318.06874666814,3539.4193999818526,157009.19559999602,77105.15555555555
1791480231,100,,Aggregated,0.600000,0.000000,124000,140000,151000,154000,156000,156000,156000,157000,157000,157000,157000,316,21,124000,114453.23626455842,3539.4193999818526,157031.00439999253,76878.98417721518
1791480232,100,,Aggregated,0.600000,0.000000,124000,140000,151000,154000,156000,156000,156000,157000,157000,157000,157000,316,21,124000,114453.23626455842,3539.4193999818526,157031.00439999253,76878.98417721518
1791480233,100,,Aggregated,0.600000,0.000000,124000,140000,151000,154000,156000,156000,156000,157000,157000,157000,157000,317,21,124000,114587.58762208346,3539.4193999818526,157042.6165999961,76649.42902208203
1791480234,100,,Aggregated,0.600000,0.000000,124000,140000,151000,154000,156000,156000,156000,157000,157000,157000,157000,317,21,124000,114587.58762208346,3539.4193999818526,157042.6165999961,76649.42902208203
1791480235,100,,Aggregated,0.600000,0.000000,124000,140000,152000,154000,156000,156000,157000,157000,157000,157000,157000,318,21,124000,114721.0722849071,3539.4193999818526,157042.6165999961,76426.10691823899
1791480236,100,,Aggregated,0.600000,0.000000,124000,140000,152000,155000,156000,156000,157000,157000,157000,157000,157000,319,21,124000,114850.53877116133,3539.4193999818526,157042.6165999961,76199.41065830721
1791480237,100,,Aggregated,0.600000,0.000000,124000,140000,152000,155000,156000,156000,157000,157000,157000,157000,157000,319,21,124000,114850.53877116133,3539.4193999818526,157042.6165999961,76199.41065830721
1791480238,100,,Aggregated,0.600000,0.000000,124000,141000,152000,155000,156000,156000,157000,157000,157000,157000,157000,320,21,124000,114981.22898812643,3539.4193999818526,157042.6165999961,75973.971875
1791480239,100,,Aggregated,0.600000,0.000000,124000,141000,152000,155000,156000,156000,157000,157000,157000,157000,157000,321,21,124000,115112.69817663697,3539.4193999818526,157182.8385000117,75750.09657320872
1791480240,100,,Aggregated,0.600000,0.000000,124000,141000,152000,155000,156000,156000,157000,157000,157000,157000,157000,321,21,124000,115112.69817663697,3539.4193999818526,157182.8385000117,75750.09657320872
1791480241,100,,Aggregated,0.600000,0.000000,124000,142000,152000,155000,156000,156000,157000,157000,157000,157000,157000,322,21,124000,115243.69032857289,3539.4193999818526,157292.171100009,75532.20186335404
1791480242,100,,Aggregated,0.600000,0.000000,124000,142000,153000,155000,156000,156000,157000,157000,157000,157000,157000,323,21,124000,115370.8507959767,3539.4193999818526,157292.171100009,75311.08049535604
1791480243,100,,Aggregated,0.600000,0.000000,124000,142000,153000,155000,156000,156000,157000,157000,157000,157000,157000,323,21,124000,115370.8507959767,3539.4193999818526,157292.171100009,75311.08049535604
1791480244,100,,Aggregated,0.600000,0.000000,124000,142000,153000,155000,156000,156000,157000,157000,157000,157000,157000,324,21,124000,115496.87076574222,3539.4193999818526,157292.171100009,75091.32407407407
1791480245,100,,Aggregated,0.600000,0.000000,124000,142000,153000,155000,156000,156000,157000,157000,157000,157000,157000,324,21,124000,115496.87076574222,3539.4193999818526,157292.171100009,75091.32407407407
1791480246,100,,Aggregated,0.600000,0.000000,124000,142000,153000,155000,156000,156000,157000,157000,157000,157000,157000,325,21,124000,115624.4706778477,3539.4193999818526,157292.171100009,74868.18461538461
1791480247,100,,Aggregated,0.600000,0.000000,124000,142000,153000,155000,156000,156000,157000,157000,157000,157000,157000,325,21,124000,115624.4706778477,3539.4193999818526,157292.171100009,74868.18461538461
1791480248,100,,Aggregated,0.600000,0.000000,124000,143000,153000,155000,156000,156000,157000,157000,157000,157000,157000,326,21,124000,115750.44007270095,3539.4193999818526,157292.171100009,74651.13496932515
1791480249,100,,Aggregated,0.600000,0.000000,124000,143000,153000,155000,156000,156000,157000,157000,157000,157000,157000,326,21,124000,115750.44007270095,3539.4193999818526,157292.171100009,74651.13496932515
1791480250,100,,Aggregated,0.600000,0.000000,124000,143000,154000,155000,156000,156000,157000,157000,157000,157000,157000,327,21,124000,115876.31673241741,3539.4193999818526,157292.171100009,74440.07033639144
1791480251,100,,Aggregated,0.600000,0.000000,124000,143000,154000,155000,156000,156000,157000,157000,158000,158000,158000,328,21,124000,116004.17242439171,3539.4193999818526,157812.98369998694,74225.5
1791480253,100,,Aggregated,0.600000,0.000000,124000,143000,154000,155000,156000,156000,157000,157000,158000,158000,158000,328,21,124000,116004.17242439171,3539.4193999818526,157812.98369998694,74225.5
1791480254,100,,Aggregated,0.600000,0.000000,124000,144000,154000,155000,156000,156000,157000,157000,158000,158000,158000,329,21,124000,116128.95018784342,3539.4193999818526,157812.98369998694,74007.72340425532
1791480255,100,,Aggregated,0.600000,0.000000,125000,144000,154000,155000,156000,156000,157000,157000,158000,158000,158000,330,21,125000,116256.17176242573,3539.4193999818526,158112.06980000134,73791.20909090909
1791480256,100,,Aggregated,0.600000,0.000000,125000,144000,154000,155000,156000,156000,157000,157000,158000,158000,158000,330,21,125000,116256.17176242573,3539.4193999818526,158112.06980000134,73791.20909090909
1791480257,100,,Aggregated,0.600000,0.000000,125000,144000,154000,155000,156000,157000,157000,157000,158000,158000,158000,331,21,125000,116378.56909788672,3539.4193999818526,158112.06980000134,73576.06042296073
1791480258,100,,Aggregated,0.600000,0.000000,125000,144000,154000,155000,156000,157000,157000,157000,158000,158000,158000,332,21,125000,116501.89224066417,3539.4193999818526,158112.06980000134,73366.82530120482
1791480259,100,,Aggregated,0.600000,0.000000,125000,144000,154000,155000,156000,157000,157000,157000,158000,158000,158000,332,21,125000,116501.89224066417,3539.4193999818526,158112.06980000134,73366.82530120482
1791480260,100,,Aggregated,0.600000,0.000000,125000,144000,154000,155000,156000,157000,157000,157000,158000,158000,158000,333,21,125000,116624.28776847002,3539.4193999818526,158112.06980000134,73158.84684684685
1791480261,100,,Aggregated,0.700000,0.000000,125000,146000,154000,155000,156000,157000,157000,157000,158000,158000,158000,334,21,125000,116746.78392545067,3539.4193999818526,158112.06980000134,72947.46107784432
1791480262,100,,Aggregated,0.700000,0.000000,125000,146000,154000,155000,156000,157000,157000,157000,158000,158000,158000,334,21,125000,116746.78392545067,3539.4193999818526,158112.06980000134,72947.46107784432
1791480263,100,,Aggregated,0.700000,0.000000,125000,146000,154000,155000,156000,157000,157000,158000,158000,158000,158000,335,21,125000,116868.45253313589,3539.4193999818526,158112.06980000134,72737.40597014925
1791480264,100,,Aggregated,0.600000,0.000000,126000,146000,154000,155000,156000,157000,157000,158000,158000,158000,158000,336,21,126000,116989.16351785867,3539.4193999818526,158112.06980000134,72533.15773809524
1791480265,100,,Aggregated,0.600000,0.000000,126000,146000,154000,155000,156000,157000,157000,158000,158000,158000,158000,336,21,126000,116989.16351785867,3539.4193999818526,158112.06980000134,72533.15773809524
1791480266,100,,Aggregated,0.700000,0.000000,126000,147000,154000,155000,156000,157000,157000,158000,158000,158000,158000,337,21,126000,117110.54838397776,3539.4193999818526,158112.06980000134,72330.12166172107
1791480267,100,,Aggregated,0.700000,0.000000,126000,147000,154000,155000,156000,157000,157000,158000,158000,158000,158000,337,21,126000,117110.54838397776,3539.4193999818526,158112.06980000134,72330.12166172107
1791480268,100,,Aggregated,0.600000,0.000000,126000,147000,154000,155000,156000,157000,157000,158000,158000,158000,158000,338,21,126000,117229.69568136244,3539.4193999818526,158112.06980000134,72132.79289940829
1791480269,100,,Aggregated,0.700000,0.000000,126000,147000,154000,155000,156000,157000,157000,158000,158000,158000,158000,339,21,126000,117347.99865368877,3539.4193999818526,158112.06980000134,71932.13569321534
1791480270,100,,Aggregated,0.700000,0.000000,126000,147000,154000,155000,156000,157000,157000,158000,158000,158000,158000,339,21,126000,117347.99865368877,3539.4193999818526,158112.06980000134,71932.13569321534
1791480271,100,,Aggregated,0.600000,0.000000,126000,148000,155000,155000,156000,157000,157000,158000,158000,158000,158000,340,21,126000,117463.76915558973,3539.4193999818526,158112.06980000134,71737.14411764705
1791480272,100,,Aggregated,0.600000,0.000000,126000,148000,155000,155000,156000,157000,157000,158000,158000,158000,158000,341,21,126000,117578.85733313928,3539.4193999818526,158112.06980000134,71534.31085043988
1791480273,100,,Aggregated,0.600000,0.000000,126000,148000,155000,155000,156000,157000,157000,158000,158000,158000,158000,341,21,126000,117578.85733313928,3539.4193999818526,158112.06980000134,71534.31085043988
1791480274,100,,Aggregated,0.600000,0.000000,126000,148000,155000,155000,156000,157000,157000,158000,158000,158000,158000,342,21,126000,117696.3802093582,3539.4193999818526,158112.06980000134,71341.48538011695
1791480275,100,,Aggregated,0.600000,0.000000,126000,148000,155000,155000,156000,157000,157000,158000,158000,158000,158000,343,22,126000,117811.69248542422,3539.4193999818526,158112.06980000134,74351.14577259475
1791480276,100,,Aggregated,0.600000,0.000000,126000,148000,155000,155000,156000,157000,157000,158000,158000,158000,158000,343,22,126000,117811.69248542422,3539.4193999818526,158112.06980000134,74351.14577259475
1791480277,100,,Aggregated,0.700000,0.000000,126000,149000,155000,155000,156000,157000,157000,158000,158000,158000,158000,344,22,126000,117927.03651192004,3539.4193999818526,158112.06980000134,74142.50581395348
1791480278,100,,Aggregated,0.600000,0.100000,126000,149000,155000,155000,156000,157000,157000,158000,158000,158000,158000,345,22,126000,118040.05777391448,3539.4193999818526,158112.06980000134,73939.51304347826
1791480279,100,,Aggregated,0.700000,0.100000,127000,149000,155000,155000,156000,157000,157000,158000,158000,158000,158000,346,23,127000,118153.15116329626,3539.4193999818526,158112.06980000134,76915.55780346821
1791480280,100,,Aggregated,0.700000,0.100000,127000,149000,155000,155000,156000,157000,157000,158000,158000,158000,158000,346,23,127000,118153.15116329626,3539.4193999818526,158112.06980000134,76915.55780346821
1791480281,100,,Aggregated,0.600000,0.100000,127000,149000,155000,155000,156000,157000,158000,158000,158000,158000,158000,347,23,127000,118267.50392161527,3539.4193999818526,158112.06980000134,76705.74351585015
1791480282,100,,Aggregated,0.600000,0.100000,127000,149000,155000,155000,156000,157000,158000,158000,158000,158000,158000,347,23,127000,118267.50392161527,3539.4193999818526,158112.06980000134,76705.74351585015
1791480283,100,,Aggregated,0.700000,0.200000,127000,149000,155000,155000,156000,157000,158000,158000,158000,158000,158000,348,23,127000,118376.74886092097,3539.4193999818526,158112.06980000134,76497.13505747127
1791480284,100,,Aggregated,0.700000,0.200000,127000,149000,155000,155000,156000,157000,158000,158000,158000,158000,158000,349,23,127000,118489.15586647703,3539.4193999818526,158112.06980000134,76289.72206303725
1791480285,100,,Aggregated,0.700000,0.200000,127000,149000,155000,155000,156000,157000,158000,158000,158000,158000,158000,349,23,127000,118489.15586647703,3539.4193999818526,158112.06980000134,76289.72206303725
1791480286,100,,Aggregated,0.700000,0.200000,127000,149000,155000,155000,157000,157000,158000,158000,158000,158000,158000,350,23,127000,118601.21088914422,3539.4193999818526,158112.06980000134,76087.65714285715
1791480287,100,,Aggregated,0.700000,0.200000,127000,149000,155000,155000,157000,157000,158000,158000,158000,158000,158000,350,23,127000,118601.21088914422,3539.4193999818526,158112.06980000134,76087.65714285715
1791480288,100,,Aggregated,0.600000,0.100000,127000,149000,155000,155000,157000,157000,158000,158000,158000,158000,158000,351,23,127000,118709.82755413241,3539.4193999818526,158112.06980000134,75882.5925925926
1791480289,100,,Aggregated,0.600000,0.100000,127000,149000,155000,155000,157000,157000,158000,158000,158000,158000,158000,351,23,127000,118709.82755413241,3539.4193999818526,158112.06980000134,75882.5925925926
1791480290,100,,Aggregated,0.600000,0.100000,128000,150000,155000,156000,157000,157000,158000,158000,158000,158000,158000,352,23,128000,118817.46001335364,3539.4193999818526,158112.06980000134,75683.02556818182
1791480291,100,,Aggregated,0.600000,0.100000,128000,150000,155000,156000,157000,157000,158000,158000,158000,158000,158000,353,23,128000,118924.26090170107,3539.4193999818526,158112.06980000134,75480.26912181303
1791480292,100,,Aggregated,0.600000,0.100000,128000,150000,155000,156000,157000,157000,158000,158000,158000,158000,158000,353,23,128000,118924.26090170107,3539.4193999818526,158112.06980000134,75480.26912181303
1791480293,100,,Aggregated,0.600000,0.000000,128000,150000,155000,156000,157000,157000,158000,158000,158000,158000,158000,354,23,128000,119034.43325197876,3539.4193999818526,158112.06980000134,75282.9604519774
1791480294,100,,Aggregated,0.600000,0.000000,128000,150000,155000,156000,157000,157000,158000,158000,158000,158000,158000,354,23,128000,119034.43325197876,3539.4193999818526,158112.06980000134,75282.9604519774
1791480295,100,,Aggregated,0.600000,0.000000,128000,150000,155000,156000,157000,157000,158000,158000,158000,158000,158000,355,23,128000,119142.91420225489,3539.4193999818526,158112.06980000134,75078.15492957746
1791480296,100,,Aggregated,0.600000,0.000000,129000,150000,155000,156000,157000,157000,158000,158000,158000,158000,158000,356,23,129000,119253.2124750013,3539.4193999818526,158409.09929998452,74878.80617977527
1791480297,100,,Aggregated,0.600000,0.000000,129000,150000,155000,156000,157000,157000,158000,158000,158000,158000,158000,356,23,129000,119253.2124750013,3539.4193999818526,158409.09929998452,74878.80617977527
1791480298,100,,Aggregated,0.500000,0.000000,129000,151000,155000,156000,157000,157000,158000,158000,158000,158000,158000,357,23,129000,119362.6623490209,3539.4193999818526,158409.09929998452,74680.57422969188
1791480299,100,,Aggregated,0.500000,0.000000,129000,151000,155000,156000,157000,157000,158000,158000,158000,158000,158000,357,23,129000,119362.6623490209,3539.4193999818526,158409.09929998452,74680.57422969188
1791480300,100,,Aggregated,0.600000,0.000000,129000,151000,155000,156000,157000,157000,158000,158000,159000,159000,159000,358,23,129000,119472.21920167728,3539.4193999818526,158584.01560000493,74487.70391061452
1791480301,100,,Aggregated,0.600000,0.000000,129000,151000,155000,156000,157000,157000,158000,158000,159000,159000,159000,358,23,129000,119472.21920167728,3539.4193999818526,158584.01560000493,74487.70391061452
1791480302,100,,Aggregated,0.600000,0.000000,129000,151000,155000,156000,157000,157000,158000,158000,160000,160000,160000,359,23,129000,119584.78038746648,3539.4193999818526,159881.68489999953,74295.91364902507
1791480303,100,,Aggregated,0.600000,0.000000,129000,151000,155000,156000,157000,157000,158000,158000,160000,160000,160000,359,23,129000,119584.78038746648,3539.4193999818526,159881.68489999953,74295.91364902507
1791480304,100,,Aggregated,0.600000,0.000000,130000,151000,155000,156000,157000,157000,158000,158000,160000,160000,160000,360,23,130000,119697.40126916804,3539.4193999818526,160128.29780002357,74096.69444444444
1791480305,100,,Aggregated,0.500000,0.000000,130000,152000,155000,156000,157000,157000,158000,159000,160000,160000,160000,361,23,130000,119807.25022770223,3539.4193999818526,160128.29780002357,73902.82548476454
1791480306,100,,Aggregated,0.500000,0.000000,130000,152000,155000,156000,157000,157000,158000,159000,160000,160000,160000,361,23,130000,119807.25022770223,3539.4193999818526,160128.29780002357,73902.82548476454
1791480307,100,,Aggregated,0.600000,0.000000,130000,152000,155000,156000,157000,157000,158000,159000,160000,160000,160000,362,23,130000,119913.03274005666,3539.4193999818526,160128.29780002357,73705.79281767955
1791480308,100,,Aggregated,0.600000,0.000000,130000,152000,155000,156000,157000,158000,158000,159000,160000,160000,160000,363,23,130000,120018.25294380303,3539.4193999818526,160128.29780002357,73514.06887052342
1791480309,100,,Aggregated,0.600000,0.000000,130000,152000,155000,156000,157000,158000,158000,159000,160000,160000,160000,363,23,130000,120018.25294380303,3539.4193999818526,160128.29780002357,73514.06887052342
1791480310,100,,Aggregated,0.600000,0.000000,130000,152000,155000,156000,157000,158000,158000,159000,160000,160000,160000,364,23,130000,120125.21981291342,3539.4193999818526,160128.29780002357,73323.42032967033
1791480311,100,,Aggregated,0.600000,0.000000,130000,152000,155000,156000,157000,158000,158000,159000,160000,160000,160000,364,23,130000,120125.21981291342,3539.4193999818526,160128.29780002357,73323.42032967033
1791480312,100,,Aggregated,0.600000,0.000000,130000,152000,155000,156000,157000,158000,158000,159000,160000,160000,160000,365,23,130000,120233.45396657672,3539.4193999818526,160128.29780002357,73129.5890410959
1791480313,100,,Aggregated,0.600000,0.000000,131000,152000,155000,156000,157000,158000,158000,159000,160000,160000,160000,366,23,131000,120339.3762808757,3539.4193999818526,160128.29780002357,72945.17759562841
1791480314,100,,Aggregated,0.600000,0.000000,131000,152000,155000,156000,157000,158000,158000,159000,160000,160000,160000,366,23,131000,120339.3762808757,3539.4193999818526,160128.29780002357,72945.17759562841
1791480315,100,,Aggregated,0.600000,0.000000,131000,153000,155000,156000,157000,158000,159000,159000,160000,160000,160000,367,23,131000,120444.89868664985,3539.4193999818526,160128.29780002357,72753.43869209809
1791480316,100,,Aggregated,0.600000,0.000000,131000,153000,155000,156000,157000,158000,159000,159000,160000,160000,160000,367,23,131000,120444.89868664985,3539.4193999818526,160128.29780002357,72753.43869209809
1791480317,100,,Aggregated,0.600000,0.000000,131000,153000,155000,156000,157000,158000,159000,159000,160000,160000,160000,368,23,131000,120550.46967255569,3539.4193999818526,160128.29780002357,72562.67391304347
1791480318,100,,Aggregated,0.600000,0.000000,131000,153000,155000,156000,157000,158000,159000,160000,160000,160000,160000,369,23,131000,120657.94932845661,3539.4193999818526,160210.4626999935,72381.17073170732
1791480319,100,,Aggregated,0.600000,0.000000,131000,153000,155000,156000,157000,158000,159000,160000,160000,160000,160000,369,23,131000,120657.94932845661,3539.4193999818526,160210.4626999935,72381.17073170732
1791480320,100,,Aggregated,0.600000,0.000000,131000,153000,155000,156000,157000,158000,159000,160000,160000,160000,160000,370,23,131000,120764.18639405533,3539.4193999818526,160210.4626999935,72196.65405405406
1791480321,100,,Aggregated,0.600000,0.000000,131000,153000,155000,156000,157000,158000,159000,160000,160000,160000,160000,371,24,131000,120868.48230377489,3539.4193999818526,160210.4626999935,74976.83288409704
1791480322,100,,Aggregated,0.600000,0.000000,131000,153000,155000,156000,157000,158000,159000,160000,160000,160000,160000,371,24,131000,120868.48230377489,3539.4193999818526,160210.4626999935,74976.83288409704
1791480323,100,,Aggregated,0.600000,0.000000,132000,154000,155000,156000,157000,158000,159000,160000,160000,160000,160000,372,24,132000,120971.06654193674,3539.4193999818526,160210.4626999935,74782.20430107527
1791480324,100,,Aggregated,0.600000,0.100000,132000,154000,155000,156000,157000,158000,159000,160000,160000,160000,160000,373,24,132000,121077.00857614061,3539.4193999818526,160487.4452999793,74592.7345844504
1791480325,100,,Aggregated,0.600000,0.100000,132000,154000,155000,156000,157000,158000,159000,160000,160000,160000,160000,373,24,132000,121077.00857614061,3539.4193999818526,160487.4452999793,74592.7345844504
1791480326,100,,Aggregated,0.600000,0.100000,132000,154000,155000,156000,157000,158000,159000,160000,161000,161000,161000,374,24,132000,121183.32216711348,3539.4193999818526,160838.29159999732,74400.17914438502
1791480327,100,,Aggregated,0.600000,0.100000,132000,154000,155000,156000,157000,158000,159000,160000,161000,161000,161000,374,24,132000,121183.32216711348,3539.4193999818526,160838.29159999732,74400.17914438502
1791480328,100,,Aggregated,0.700000,0.100000,132000,154000,156000,156000,157000,158000,160000,160000,161000,161000,161000,375,24,132000,121288.03530266785,3539.4193999818526,160838.29159999732,74212.73866666667
1791480329,100,,Aggregated,0.600000,0.100000,133000,154000,156000,156000,157000,158000,160000,160000,161000,161000,161000,376,24,133000,121393.56782101178,3539.4193999818526,160968.26219998184,74022.21808510639
1791480330,100,,Aggregated,0.600000,0.100000,133000,154000,156000,156000,157000,158000,160000,160000,161000,161000,161000,376,24,133000,121393.56782101178,3539.4193999818526,160968.26219998184,74022.21808510639
1791480331,100,,Aggregated,0.700000,0.100000,133000,154000,156000,156000,157000,158000,160000,160000,161000,161000,161000,377,24,133000,121498.33207771998,3539.4193999818526,160968.26219998184,73840.81962864721
1791480332,100,,Aggregated,0.700000,0.100000,133000,154000,156000,156000,157000,159000,160000,160000,161000,161000,161000,378,24,133000,121601.04393862547,3539.4193999818526,160968.26219998184,73656.34656084656
1791480333,100,,Aggregated,0.700000,0.100000,133000,154000,156000,156000,157000,159000,160000,160000,161000,161000,161000,378,24,133000,121601.04393862547,3539.4193999818526,160968.26219998184,73656.34656084656
1791480334,100,,Aggregated,0.600000,0.000000,133000,154000,156000,156000,157000,159000,160000,161000,161000,161000,161000,379,24,133000,121704.67359261328,3539.4193999818526,160968.26219998184,73472.71240105541
1791480335,100,,Aggregated,0.600000,0.000000,133000,154000,156000,156000,157000,159000,160000,161000,162000,162000,162000,380,24,133000,121809.78784184331,3539.4193999818526,161648.08830001857,73290.0447368421
1791480336,100,,Aggregated,0.600000,0.000000,133000,154000,156000,156000,157000,159000,160000,161000,162000,162000,162000,380,24,133000,121809.78784184331,3539.4193999818526,161648.08830001857,73290.0447368421
1791480337,100,,Aggregated,0.600000,0.000000,133000,154000,156000,156000,157000,159000,160000,161000,162000,162000,162000,381,24,133000,121910.28792283588,3539.4193999818526,161648.08830001857,73108.46981627296
1791480338,100,,Aggregated,0.600000,0.000000,133000,154000,156000,156000,157000,159000,160000,161000,162000,162000,162000,381,24,133000,121910.28792283588,3539.4193999818526,161648.08830001857,73108.46981627296
1791480339,100,,Aggregated,0.700000,0.000000,133000,154000,156000,156000,157000,159000,160000,161000,162000,162000,162000,382,24,133000,122011.60119869234,3539.4193999818526,161648.08830001857,72931.83246073299
1791480340,100,,Aggregated,0.600000,0.000000,133000,154000,156000,156000,158000,159000,160000,161000,162000,162000,162000,383,24,133000,122110.47103551043,3539.4193999818526,161648.08830001857,72752.18015665797
1791480341,100,,Aggregated,0.600000,0.000000,133000,154000,156000,156000,158000,159000,160000,161000,162000,162000,162000,383,24,133000,122110.47103551043,3539.4193999818526,161648.08830001857,72752.18015665797
1791480342,100,,Aggregated,0.700000,0.000000,134000,154000,156000,156000,158000,159000,160000,161000,162000,162000,162000,384,24,134000,122211.25195494921,3539.4193999818526,161648.08830001857,72573.42447916667
1791480343,100,,Aggregated,0.600000,0.000000,134000,154000,156000,156000,158000,159000,160000,161000,162000,162000,162000,385,24,134000,122309.93254961167,3539.4193999818526,161648.08830001857,72395.5974025974
1791480344,100,,Aggregated,0.600000,0.000000,134000,154000,156000,156000,158000,159000,160000,161000,162000,162000,162000,385,24,134000,122309.93254961167,3539.4193999818526,161648.08830001857,72395.5974025974
1791480345,100,,Aggregated,0.600000,0.000000,134000,154000,156000,156000,158000,159000,161000,161000,162000,162000,162000,386,24,134000,122411.8951862707,3539.4193999818526,161667.5103000016,72222.63730569948
1791480346,100,,Aggregated,0.700000,0.000000,134000,155000,156000,156000,158000,160000,161000,161000,162000,162000,162000,387,24,134000,122512.36197183591,3539.4193999818526,161667.5103000016,72046.63565891473
1791480347,100,,Aggregated,0.700000,0.000000,134000,155000,156000,156000,158000,160000,161000,161000,162000,162000,162000,387,24,134000,122512.36197183591,3539.4193999818526,161667.5103000016,72046.63565891473
1791480348,100,,Aggregated,0.600000,0.000000,134000,155000,156000,156000,158000,160000,161000,161000,162000,162000,162000,388,24,134000,122608.88551701166,3539.4193999818526,161667.5103000016,71871.5412371134
1791480349,100,,Aggregated,0.700000,0.000000,134000,155000,156000,156000,158000,160000,161000,161000,162000,162000,162000,389,24,134000,122706.80812879311,3539.4193999818526,161667.5103000016,71693.38560411311
1791480350,100,,Aggregated,0.700000,0.000000,134000,155000,156000,156000,158000,160000,161000,161000,162000,162000,162000,389,24,134000,122706.80812879311,3539.4193999818526,161667.5103000016,71693.38560411311
1791480351,100,,Aggregated,0.600000,0.000000,135000,155000,156000,156000,158000,160000,161000,161000,162000,162000,162000,390,24,135000,122806.8538835911,3539.4193999818526,161724.65250000823,71516.15897435897
1791480352,100,,Aggregated,0.700000,0.000000,135000,155000,156000,156000,158000,160000,161000,161000,162000,162000,162000,391,25,135000,122903.73880000142,3539.4193999818526,161724.65250000823,74155.86956521739
1791480353,100,,Aggregated,0.700000,0.000000,135000,155000,156000,156000,158000,160000,161000,161000,162000,162000,162000,391,25,135000,122903.73880000142,3539.4193999818526,161724.65250000823,74155.86956521739
1791480354,100,,Aggregated,0.600000,0.000000,135000,155000,156000,156000,158000,160000,161000,161000,162000,162000,162000,392,25,135000,123001.55680790964,3539.4193999818526,161724.65250000823,73973.27040816327
1791480355,100,,Aggregated,0.700000,0.100000,135000,155000,156000,156000,158000,160000,161000,161000,162000,162000,162000,393,25,135000,123095.79610305486,3539.4193999818526,161724.65250000823,73795.50127226464
1791480356,100,,Aggregated,0.700000,0.100000,135000,155000,156000,156000,158000,160000,161000,161000,162000,162000,162000,393,25,135000,123095.79610305486,3539.4193999818526,161724.65250000823,73795.50127226464
1791480357,100,,Aggregated,0.700000,0.100000,135000,155000,156000,157000,158000,160000,161000,161000,162000,162000,162000,394,25,135000,123191.74469898621,3539.4193999818526,161724.65250000823,73618.63451776649
1791480358,100,,Aggregated,0.700000,0.100000,135000,155000,156000,157000,158000,160000,161000,161000,162000,162000,162000,394,25,135000,123191.74469898621,3539.4193999818526,161724.65250000823,73618.63451776649
1791480359,100,,Aggregated,0.600000,0.100000,135000,155000,156000,157000,158000,160000,161000,161000,162000,162000,162000,395,25,135000,123285.2827994951,3539.4193999818526,161724.65250000823,73446.55189873418
1791480360,100,,Aggregated,0.600000,0.100000,135000,155000,156000,157000,158000,160000,161000,161000,162000,162000,162000,395,25,135000,123285.2827994951,3539.4193999818526,161724.65250000823,73446.55189873418
1791480361,100,,Aggregated,0.600000,0.100000,136000,155000,156000,157000,158000,160000,161000,161000,162000,162000,162000,396,25,136000,123381.13719116306,3539.4193999818526,161724.65250000823,73275.31060606061
1791480362,100,,Aggregated,0.600000,0.100000,136000,155000,156000,157000,158000,160000,161000,161000,162000,162000,162000,396,25,136000,123381.13719116306,3539.4193999818526,161724.65250000823,73275.31060606061
1791480364,100,,Aggregated,0.600000,0.100000,136000,155000,156000,157000,158000,160000,161000,162000,162000,162000,162000,397,25,136000,123477.43339143721,3539.4193999818526,161724.65250000823,73097.22921914357
1791480365,100,,Aggregated,0.600000,0.100000,136000,155000,156000,157000,158000,160000,161000,162000,162000,162000,162000,398,25,136000,123573.56997990096,3539.4193999818526,161739.7956000059,72920.04773869347
1791480366,100,,Aggregated,0.600000,0.100000,136000,155000,156000,157000,158000,160000,161000,162000,162000,162000,162000,398,25,136000,123573.56997990096,3539.4193999818526,161739.7956000059,72920.04773869347
1791480367,100,,Aggregated,0.600000,0.000000,136000,155000,156000,157000,159000,160000,161000,162000,162000,162000,162000,399,25,136000,123668.21572832222,3539.4193999818526,161739.7956000059,72743.74436090226
1791480368,100,,Aggregated,0.600000,0.000000,137000,155000,156000,157000,159000,160000,161000,162000,162000,162000,162000,400,25,137000,123759.19166525142,3539.4193999818526,161739.7956000059,72575.9675
1791480369,100,,Aggregated,0.600000,0.000000,137000,155000,156000,157000,159000,160000,161000,162000,162000,162000,162000,400,25,137000,123759.19166525142,3539.4193999818526,161739.7956000059,72575.9675
1791480370,100,,Aggregated,0.600000,0.000000,137000,155000,156000,157000,159000,160000,161000,162000,162000,162000,162000,401,25,137000,123849.5562179565,3539.4193999818526,161739.7956000059,72405.22942643391
1791480371,100,,Aggregated,0.600000,0.000000,137000,155000,156000,157000,159000,160000,161000,162000,162000,162000,162000,401,25,137000,123849.5562179565,3539.4193999818526,161739.7956000059,72405.22942643391
1791480372,100,,Aggregated,0.600000,0.000000,137000,155000,156000,157000,159000,160000,161000,162000,162000,162000,162000,402,25,137000,123938.41073855858,3539.4193999818526,161739.7956000059,72231.4751243781
1791480373,100,,Aggregated,0.600000,0.000000,137000,155000,156000,157000,159000,160000,161000,162000,162000,162000,162000,403,25,137000,124029.9561215895,3539.4193999818526,161739.7956000059,72066.21836228287
1791480374,100,,Aggregated,0.600000,0.000000,137000,155000,156000,157000,159000,160000,161000,162000,162000,162000,162000,403,25,137000,124029.9561215895,3539.4193999818526,161739.7956000059,72066.21836228287
1791480375,100,,Aggregated,0.600000,0.000000,138000,155000,156000,157000,159000,160000,161000,162000,162000,162000,162000,404,25,138000,124120.36561460538,3539.4193999818526,161739.7956000059,71898.0099009901
1791480376,100,,Aggregated,0.600000,0.000000,138000,155000,156000,157000,159000,160000,161000,162000,162000,162000,162000,404,25,138000,124120.36561460538,3539.4193999818526,161739.7956000059,71898.0099009901
1791480377,100,,Aggregated,0.600000,0.000000,138000,155000,156000,157000,159000,161000,161000,162000,162000,162000,162000,405,25,138000,124212.13215111251,3539.4193999818526,161739.7956000059,71730.63209876543
1791480378,100,,Aggregated,0.600000,0.000000,138000,155000,156000,157000,159000,161000,161000,162000,162000,162000,162000,406,25,138000,124300.93519310484,3539.4193999818526,161739.7956000059,71564.07881773399
1791480379,100,,Aggregated,0.600000,0.000000,138000,155000,156000,157000,159000,161000,161000,162000,162000,162000,162000,406,25,138000,124300.93519310484,3539.4193999818526,161739.7956000059,71564.07881773399
1791480380,100,,Aggregated,0.600000,0.000000,138000,155000,156000,157000,159000,161000,161000,162000,162000,162000,162000,407,25,138000,124391.5107196574,3539.4193999818526,161739.7956000059,71398.34398034398
1791480381,100,,Aggregated,0.600000,0.000000,138000,155000,156000,157000,160000,161000,161000,162000,162000,162000,162000,408,25,138000,124478.86866642299,3539.4193999818526,161739.7956000059,71233.42156862745
